Iteration,Residual
1.000000000000000000e+00,2.361329269972906957e+02
2.000000000000000000e+00,1.283464545277705611e+02
3.000000000000000000e+00,1.652014265118446303e+02
4.000000000000000000e+00,2.209211507944105506e+02
5.000000000000000000e+00,1.588761771258599822e+02
6.000000000000000000e+00,1.393309559734714185e+02
7.000000000000000000e+00,2.303805987281663477e+02
8.000000000000000000e+00,1.308992298616549306e+02
9.000000000000000000e+00,9.860229687797723841e+01
1.000000000000000000e+01,8.541555982680729642e+01
1.100000000000000000e+01,9.799739486435038316e+01
1.200000000000000000e+01,1.126494937855334513e+02
1.300000000000000000e+01,1.063346596925456709e+02
1.400000000000000000e+01,1.200076632379374075e+02
1.500000000000000000e+01,1.274498881547837215e+02
1.600000000000000000e+01,1.040881033003362717e+02
1.700000000000000000e+01,9.419275792330299168e+01
1.800000000000000000e+01,1.247917256963881982e+02
1.900000000000000000e+01,1.065919440680059438e+02
2.000000000000000000e+01,1.317604680303804798e+02
2.100000000000000000e+01,1.373358830769402914e+02
2.200000000000000000e+01,1.547589681037140110e+02
2.300000000000000000e+01,1.325302091381776108e+02
2.400000000000000000e+01,1.465320852517969001e+02
2.500000000000000000e+01,1.355914276229163420e+02
2.600000000000000000e+01,1.420171914016238475e+02
2.700000000000000000e+01,1.359187592399264304e+02
2.800000000000000000e+01,1.369077545442879682e+02
2.900000000000000000e+01,1.129254784294276561e+02
3.000000000000000000e+01,1.105444637270598207e+02
3.100000000000000000e+01,8.968435407840404139e+01
3.200000000000000000e+01,9.466352075882848283e+01
3.300000000000000000e+01,8.915178042211104525e+01
3.400000000000000000e+01,9.283447371081005883e+01
3.500000000000000000e+01,9.417065109106025034e+01
3.600000000000000000e+01,9.907672529607496870e+01
3.700000000000000000e+01,1.066882726053303259e+02
3.800000000000000000e+01,1.051726263032729918e+02
3.900000000000000000e+01,1.196363474043391193e+02
4.000000000000000000e+01,1.263222241780831610e+02
4.100000000000000000e+01,1.154449637287679593e+02
4.200000000000000000e+01,1.187283664218927015e+02
4.300000000000000000e+01,1.255102414656345928e+02
4.400000000000000000e+01,1.251480683613145430e+02
4.500000000000000000e+01,1.298385654073655360e+02
4.600000000000000000e+01,1.283735353947737678e+02
4.700000000000000000e+01,1.272738584407726563e+02
4.800000000000000000e+01,1.248174533273461151e+02
4.900000000000000000e+01,1.440337290318896635e+02
5.000000000000000000e+01,1.229620713526514493e+02
5.100000000000000000e+01,1.107688630460498302e+02
5.200000000000000000e+01,1.033469229260878137e+02
5.300000000000000000e+01,1.036548306181242225e+02
5.400000000000000000e+01,1.019655472551979756e+02
5.500000000000000000e+01,1.044907858190703109e+02
5.600000000000000000e+01,9.995317813446834521e+01
5.700000000000000000e+01,1.037213004399193750e+02
5.800000000000000000e+01,1.077996430336648643e+02
5.900000000000000000e+01,1.176682503409510190e+02
6.000000000000000000e+01,1.194335041647990607e+02
6.100000000000000000e+01,1.197959024682733826e+02
6.200000000000000000e+01,1.147866629539174852e+02
6.300000000000000000e+01,1.080802977054228364e+02
6.400000000000000000e+01,9.290299951976965076e+01
6.500000000000000000e+01,8.957238195533125236e+01
6.600000000000000000e+01,8.735492276747754659e+01
6.700000000000000000e+01,8.917908983764704089e+01
6.800000000000000000e+01,9.384813322798611068e+01
6.900000000000000000e+01,1.008791972304765636e+02
7.000000000000000000e+01,9.820337192272502591e+01
7.100000000000000000e+01,9.880635480008221805e+01
7.200000000000000000e+01,1.026000769118836331e+02
7.300000000000000000e+01,1.029080928237494419e+02
7.400000000000000000e+01,1.142063658989688548e+02
7.500000000000000000e+01,1.168166082924520452e+02
7.600000000000000000e+01,1.085901058810031117e+02
7.700000000000000000e+01,1.114954390783304063e+02
7.800000000000000000e+01,1.086015405311520396e+02
7.900000000000000000e+01,1.059390674274773119e+02
8.000000000000000000e+01,9.724168454776095416e+01
8.100000000000000000e+01,9.632804588211811847e+01
8.200000000000000000e+01,9.289873852309820279e+01
8.300000000000000000e+01,9.322085792341854926e+01
8.400000000000000000e+01,9.981942633043949797e+01
8.500000000000000000e+01,1.070916987270052658e+02
8.600000000000000000e+01,1.099726624520069720e+02
8.700000000000000000e+01,1.193778298664660866e+02
8.800000000000000000e+01,1.179522459229221738e+02
8.900000000000000000e+01,1.218566138891497985e+02
9.000000000000000000e+01,1.116675757345821154e+02
9.100000000000000000e+01,1.085931664412164679e+02
9.200000000000000000e+01,1.042585564983609885e+02
9.300000000000000000e+01,1.103996017190138303e+02
9.400000000000000000e+01,1.119664705498049955e+02
9.500000000000000000e+01,1.197745162219694350e+02
9.600000000000000000e+01,1.258875480228722523e+02
9.700000000000000000e+01,1.428066919494537217e+02
9.800000000000000000e+01,1.343420345633361990e+02
9.900000000000000000e+01,1.349810442733415243e+02
1.000000000000000000e+02,1.249586957982808286e+02
1.010000000000000000e+02,1.182416462513976541e+02
1.020000000000000000e+02,1.179695548809668537e+02
1.030000000000000000e+02,1.132894304187087045e+02
1.040000000000000000e+02,1.094462106210719270e+02
1.050000000000000000e+02,1.089118871152237773e+02
1.060000000000000000e+02,1.050949731693186777e+02
1.070000000000000000e+02,1.053806128082486424e+02
1.080000000000000000e+02,1.068680982013435852e+02
1.090000000000000000e+02,1.135848446319505456e+02
1.100000000000000000e+02,1.171000919038138761e+02
1.110000000000000000e+02,1.163390099968003852e+02
1.120000000000000000e+02,1.219898705428072958e+02
1.130000000000000000e+02,1.142471366179571106e+02
1.140000000000000000e+02,1.154603676620591841e+02
1.150000000000000000e+02,1.121223150919380629e+02
1.160000000000000000e+02,1.063027710767322560e+02
1.170000000000000000e+02,1.032449312144458133e+02
1.180000000000000000e+02,9.814163200428798461e+01
1.190000000000000000e+02,9.253700628235591807e+01
1.200000000000000000e+02,9.745324451341546990e+01
1.210000000000000000e+02,9.283804400563163028e+01
1.220000000000000000e+02,8.997734058313155003e+01
1.230000000000000000e+02,8.904144379590812264e+01
1.240000000000000000e+02,8.891481080460087583e+01
1.250000000000000000e+02,8.827844427271965344e+01
1.260000000000000000e+02,8.654438720036860389e+01
1.270000000000000000e+02,8.547474871492647708e+01
1.280000000000000000e+02,8.626052504937135268e+01
1.290000000000000000e+02,9.446814000582573101e+01
1.300000000000000000e+02,9.410620079320717934e+01
1.310000000000000000e+02,9.157549280331498665e+01
1.320000000000000000e+02,8.547940094009020129e+01
1.330000000000000000e+02,7.592612000092330504e+01
1.340000000000000000e+02,7.109359811570558918e+01
1.350000000000000000e+02,7.137241895808608660e+01
1.360000000000000000e+02,7.254119416739546011e+01
1.370000000000000000e+02,7.309399617914021974e+01
1.380000000000000000e+02,7.428236364917084700e+01
1.390000000000000000e+02,7.457047450760529728e+01
1.400000000000000000e+02,7.481354086105174872e+01
1.410000000000000000e+02,7.857533206744511745e+01
1.420000000000000000e+02,8.343955133509481925e+01
1.430000000000000000e+02,8.334666075772781824e+01
1.440000000000000000e+02,8.456689496338327672e+01
1.450000000000000000e+02,8.050729750561912113e+01
1.460000000000000000e+02,7.629635207735786651e+01
1.470000000000000000e+02,7.234948107027844344e+01
1.480000000000000000e+02,7.156846371962845410e+01
1.490000000000000000e+02,6.891420206923336877e+01
1.500000000000000000e+02,7.328959821585787893e+01
1.510000000000000000e+02,7.297145904087254564e+01
1.520000000000000000e+02,7.497583700740253221e+01
1.530000000000000000e+02,7.553621286830072279e+01
1.540000000000000000e+02,7.938091317783123202e+01
1.550000000000000000e+02,8.042700931051652447e+01
1.560000000000000000e+02,8.937523591849465276e+01
1.570000000000000000e+02,8.599214931025314002e+01
1.580000000000000000e+02,8.453362023509995993e+01
1.590000000000000000e+02,8.057981103664810973e+01
1.600000000000000000e+02,7.806898497423891570e+01
1.610000000000000000e+02,7.855814798721704051e+01
1.620000000000000000e+02,8.019445026861819770e+01
1.630000000000000000e+02,7.898379449814844122e+01
1.640000000000000000e+02,7.850273998342647985e+01
1.650000000000000000e+02,7.611064092116177449e+01
1.660000000000000000e+02,7.416581821961294452e+01
1.670000000000000000e+02,7.265272031212047921e+01
1.680000000000000000e+02,7.549299591493631567e+01
1.690000000000000000e+02,6.981382828048096201e+01
1.700000000000000000e+02,7.298232577190101722e+01
1.710000000000000000e+02,7.159836538485937751e+01
1.720000000000000000e+02,7.043741843004599446e+01
1.730000000000000000e+02,6.816413908929163767e+01
1.740000000000000000e+02,6.841152226526297397e+01
1.750000000000000000e+02,6.644647689246420441e+01
1.760000000000000000e+02,6.798289389001136840e+01
1.770000000000000000e+02,6.631084888900416274e+01
1.780000000000000000e+02,5.946155799500802885e+01
1.790000000000000000e+02,5.928619952638021573e+01
1.800000000000000000e+02,5.774465659123202244e+01
1.810000000000000000e+02,5.965323853498812667e+01
1.820000000000000000e+02,6.406975480003774237e+01
1.830000000000000000e+02,6.873045858553450671e+01
1.840000000000000000e+02,6.412831327239926793e+01
1.850000000000000000e+02,6.659159120880879357e+01
1.860000000000000000e+02,6.639394800640150152e+01
1.870000000000000000e+02,6.819916907961230379e+01
1.880000000000000000e+02,6.654554552164553627e+01
1.890000000000000000e+02,6.723706224831374811e+01
1.900000000000000000e+02,6.259194796852447951e+01
1.910000000000000000e+02,6.237964562366152421e+01
1.920000000000000000e+02,6.140204659710231994e+01
1.930000000000000000e+02,6.173193245945452645e+01
1.940000000000000000e+02,6.068851289478242705e+01
1.950000000000000000e+02,6.172858643057974604e+01
1.960000000000000000e+02,5.781021799583645304e+01
1.970000000000000000e+02,5.688802595247516791e+01
1.980000000000000000e+02,5.523632712556495505e+01
1.990000000000000000e+02,5.752935254395870857e+01
2.000000000000000000e+02,5.666446256806543857e+01
2.010000000000000000e+02,5.730239293973615133e+01
2.020000000000000000e+02,5.994722286832457314e+01
2.030000000000000000e+02,6.016903730172689535e+01
2.040000000000000000e+02,5.765161995877274137e+01
2.050000000000000000e+02,5.904743719641463429e+01
2.060000000000000000e+02,5.636728092268838708e+01
2.070000000000000000e+02,5.341507105137241496e+01
2.080000000000000000e+02,5.409465098746289868e+01
2.090000000000000000e+02,5.333573812883741994e+01
2.100000000000000000e+02,5.157567218877399995e+01
2.110000000000000000e+02,5.277950539030069166e+01
2.120000000000000000e+02,5.154157243340415562e+01
2.130000000000000000e+02,5.074395827894191058e+01
2.140000000000000000e+02,5.142692644574410110e+01
2.150000000000000000e+02,5.011299671716415105e+01
2.160000000000000000e+02,4.953096359914639635e+01
2.170000000000000000e+02,4.906000062223390046e+01
2.180000000000000000e+02,4.990175785239952688e+01
2.190000000000000000e+02,5.081823775507115926e+01
2.200000000000000000e+02,5.359194096713518007e+01
2.210000000000000000e+02,5.648977186443136844e+01
2.220000000000000000e+02,5.650133496847373493e+01
2.230000000000000000e+02,5.526451397472062155e+01
2.240000000000000000e+02,5.517101934667825702e+01
2.250000000000000000e+02,5.585739772420767224e+01
2.260000000000000000e+02,5.618616831125792999e+01
2.270000000000000000e+02,5.733683507762595610e+01
2.280000000000000000e+02,5.829657831894365927e+01
2.290000000000000000e+02,6.167894991891802192e+01
2.300000000000000000e+02,6.102567507704752359e+01
2.310000000000000000e+02,6.058458141982197276e+01
2.320000000000000000e+02,5.868245946094901910e+01
2.330000000000000000e+02,5.840459415511109853e+01
2.340000000000000000e+02,5.800448686734275583e+01
2.350000000000000000e+02,5.772893293440554885e+01
2.360000000000000000e+02,5.680934847419637634e+01
2.370000000000000000e+02,5.590933646365050436e+01
2.380000000000000000e+02,5.599283600141580308e+01
2.390000000000000000e+02,5.467096379413693796e+01
2.400000000000000000e+02,5.368854083442909797e+01
2.410000000000000000e+02,5.526210353703590528e+01
2.420000000000000000e+02,5.419054342676663794e+01
2.430000000000000000e+02,5.373950582393306519e+01
2.440000000000000000e+02,5.332152541336770923e+01
2.450000000000000000e+02,5.176051229105576112e+01
2.460000000000000000e+02,5.012883843810596574e+01
2.470000000000000000e+02,4.968734889782114550e+01
2.480000000000000000e+02,4.941960785566723047e+01
2.490000000000000000e+02,4.946644152827100527e+01
2.500000000000000000e+02,4.823341764941190490e+01
2.510000000000000000e+02,4.657253085557143635e+01
2.520000000000000000e+02,4.404352804755809814e+01
2.530000000000000000e+02,4.232392871855159200e+01
2.540000000000000000e+02,4.203031204217807471e+01
2.550000000000000000e+02,4.002769649459649060e+01
2.560000000000000000e+02,3.935523210596842603e+01
2.570000000000000000e+02,3.855456346124731226e+01
2.580000000000000000e+02,3.878703111792774649e+01
2.590000000000000000e+02,3.743212224638001828e+01
2.600000000000000000e+02,3.891225049681443693e+01
2.610000000000000000e+02,3.754699719377504152e+01
2.620000000000000000e+02,3.962104716302915364e+01
2.630000000000000000e+02,3.881108518856938616e+01
2.640000000000000000e+02,3.773221865272963527e+01
2.650000000000000000e+02,3.567076044264321411e+01
2.660000000000000000e+02,3.615441168972615316e+01
2.670000000000000000e+02,3.497194083781953111e+01
2.680000000000000000e+02,3.451396809470337956e+01
2.690000000000000000e+02,3.497853001960938002e+01
2.700000000000000000e+02,3.540719441622217545e+01
2.710000000000000000e+02,3.522672625039466254e+01
2.720000000000000000e+02,3.569496813915592526e+01
2.730000000000000000e+02,3.511546103090755366e+01
2.740000000000000000e+02,3.590862074806745596e+01
2.750000000000000000e+02,3.547076038838788037e+01
2.760000000000000000e+02,3.582098353789019285e+01
2.770000000000000000e+02,3.399571987395149364e+01
2.780000000000000000e+02,3.501698180499146673e+01
2.790000000000000000e+02,3.401324874270115828e+01
2.800000000000000000e+02,3.442518577919923928e+01
2.810000000000000000e+02,3.491193017240588148e+01
2.820000000000000000e+02,3.411798732620228947e+01
2.830000000000000000e+02,3.442031156820955573e+01
2.840000000000000000e+02,3.367208672942695813e+01
2.850000000000000000e+02,3.412859755124436845e+01
2.860000000000000000e+02,3.481918179993678564e+01
2.870000000000000000e+02,3.554397165561469762e+01
2.880000000000000000e+02,3.458179788551925782e+01
2.890000000000000000e+02,3.434780220719868282e+01
2.900000000000000000e+02,3.345950919082765296e+01
2.910000000000000000e+02,3.403631152520940617e+01
2.920000000000000000e+02,3.222895425320786700e+01
2.930000000000000000e+02,3.175181677886567755e+01
2.940000000000000000e+02,3.223364522286218659e+01
2.950000000000000000e+02,3.297096417531408719e+01
2.960000000000000000e+02,3.272659826366741243e+01
2.970000000000000000e+02,3.247890496607201527e+01
2.980000000000000000e+02,3.353799074067816122e+01
2.990000000000000000e+02,3.419873309341755885e+01
3.000000000000000000e+02,3.437856967638133199e+01
3.010000000000000000e+02,3.462917487220735069e+01
3.020000000000000000e+02,3.396618681308255105e+01
3.030000000000000000e+02,3.355731492672703098e+01
3.040000000000000000e+02,3.379007658598689545e+01
3.050000000000000000e+02,3.183370542873548459e+01
3.060000000000000000e+02,3.158543755506853401e+01
3.070000000000000000e+02,3.127684395206038204e+01
3.080000000000000000e+02,3.075174022171189492e+01
3.090000000000000000e+02,3.152643254691357200e+01
3.100000000000000000e+02,3.173199820340596844e+01
3.110000000000000000e+02,3.205420406976752190e+01
3.120000000000000000e+02,3.242392824327944112e+01
3.130000000000000000e+02,3.251245908877596946e+01
3.140000000000000000e+02,3.187592139039271544e+01
3.150000000000000000e+02,3.196744888123869188e+01
3.160000000000000000e+02,3.125953640066092021e+01
3.170000000000000000e+02,3.107644174598511455e+01
3.180000000000000000e+02,3.012706573708430824e+01
3.190000000000000000e+02,3.046688985783331916e+01
3.200000000000000000e+02,2.918313444342273755e+01
3.210000000000000000e+02,2.905009050680762783e+01
3.220000000000000000e+02,2.763010456383904767e+01
3.230000000000000000e+02,2.802462770695573724e+01
3.240000000000000000e+02,2.800364452156050277e+01
3.250000000000000000e+02,2.900246423075862268e+01
3.260000000000000000e+02,2.833365729119691778e+01
3.270000000000000000e+02,2.824149017859785715e+01
3.280000000000000000e+02,2.807637760920200165e+01
3.290000000000000000e+02,2.799215120243608368e+01
3.300000000000000000e+02,2.703985594501163092e+01
3.310000000000000000e+02,2.741373591827402834e+01
3.320000000000000000e+02,2.657929547519775326e+01
3.330000000000000000e+02,2.582139300858865383e+01
3.340000000000000000e+02,2.489163649529757905e+01
3.350000000000000000e+02,2.427842960939270611e+01
3.360000000000000000e+02,2.401214462245410175e+01
3.370000000000000000e+02,2.405982878700002559e+01
3.380000000000000000e+02,2.373075552707461355e+01
3.390000000000000000e+02,2.336090245607616822e+01
3.400000000000000000e+02,2.285121758215930399e+01
3.410000000000000000e+02,2.262067534836508287e+01
3.420000000000000000e+02,2.237085775703261703e+01
3.430000000000000000e+02,2.218386370253655571e+01
3.440000000000000000e+02,2.211805099298286947e+01
3.450000000000000000e+02,2.156561380451952914e+01
3.460000000000000000e+02,2.200697964624000491e+01
3.470000000000000000e+02,2.162660980800502131e+01
3.480000000000000000e+02,2.202360324859017027e+01
3.490000000000000000e+02,2.082887102159456916e+01
3.500000000000000000e+02,2.067004947738700338e+01
3.510000000000000000e+02,1.910621020177280727e+01
3.520000000000000000e+02,1.931832849962872345e+01
3.530000000000000000e+02,1.822761503330917421e+01
3.540000000000000000e+02,1.894169341612326818e+01
3.550000000000000000e+02,1.790156976174393222e+01
3.560000000000000000e+02,1.841153350869582894e+01
3.570000000000000000e+02,1.765759113439272454e+01
3.580000000000000000e+02,1.752717963340216301e+01
3.590000000000000000e+02,1.732157654212352327e+01
3.600000000000000000e+02,1.721570605806975252e+01
3.610000000000000000e+02,1.663370684462233129e+01
3.620000000000000000e+02,1.621368827248154787e+01
3.630000000000000000e+02,1.593984288181174414e+01
3.640000000000000000e+02,1.637285882392012581e+01
3.650000000000000000e+02,1.642322457680919712e+01
3.660000000000000000e+02,1.611307147504167148e+01
3.670000000000000000e+02,1.645301637410982920e+01
3.680000000000000000e+02,1.624497028641280139e+01
3.690000000000000000e+02,1.674503839607051958e+01
3.700000000000000000e+02,1.633254443492299401e+01
3.710000000000000000e+02,1.642483580614398520e+01
3.720000000000000000e+02,1.612565602268743703e+01
3.730000000000000000e+02,1.696748959069672225e+01
3.740000000000000000e+02,1.702745950045597922e+01
3.750000000000000000e+02,1.792324857092093637e+01
3.760000000000000000e+02,1.757084086960613334e+01
3.770000000000000000e+02,1.799331770014417131e+01
3.780000000000000000e+02,1.758802013120749663e+01
3.790000000000000000e+02,1.748053615312825926e+01
3.800000000000000000e+02,1.733909774455670672e+01
3.810000000000000000e+02,1.737838040129365780e+01
3.820000000000000000e+02,1.732054758636982328e+01
3.830000000000000000e+02,1.735611203619566822e+01
3.840000000000000000e+02,1.717199443620420851e+01
3.850000000000000000e+02,1.686305285853482161e+01
3.860000000000000000e+02,1.702395936327520687e+01
3.870000000000000000e+02,1.662746599679251602e+01
3.880000000000000000e+02,1.651838512908623358e+01
3.890000000000000000e+02,1.665320697172086639e+01
3.900000000000000000e+02,1.657710492380082812e+01
3.910000000000000000e+02,1.625856234806022371e+01
3.920000000000000000e+02,1.565280584074289649e+01
3.930000000000000000e+02,1.509502369607953831e+01
3.940000000000000000e+02,1.509519463616784485e+01
3.950000000000000000e+02,1.527667760260805530e+01
3.960000000000000000e+02,1.494392114096791424e+01
3.970000000000000000e+02,1.454175899378212478e+01
3.980000000000000000e+02,1.423194673497128093e+01
3.990000000000000000e+02,1.383115028732594887e+01
4.000000000000000000e+02,1.349048630311992980e+01
4.010000000000000000e+02,1.397138048970020030e+01
4.020000000000000000e+02,1.358722125245499868e+01
4.030000000000000000e+02,1.396318086973436046e+01
4.040000000000000000e+02,1.442810780094866985e+01
4.050000000000000000e+02,1.401996098509617283e+01
4.060000000000000000e+02,1.444484167702423072e+01
4.070000000000000000e+02,1.382049446349228106e+01
4.080000000000000000e+02,1.390047375494387261e+01
4.090000000000000000e+02,1.313842319928765079e+01
4.100000000000000000e+02,1.338092518399358255e+01
4.110000000000000000e+02,1.309730074810118161e+01
4.120000000000000000e+02,1.381203794774484450e+01
4.130000000000000000e+02,1.362545771562445474e+01
4.140000000000000000e+02,1.366511160522234647e+01
4.150000000000000000e+02,1.345478959389041407e+01
4.160000000000000000e+02,1.330996929888205749e+01
4.170000000000000000e+02,1.367924179085965974e+01
4.180000000000000000e+02,1.314923088536984430e+01
4.190000000000000000e+02,1.322079477864395614e+01
4.200000000000000000e+02,1.301082211857247017e+01
4.210000000000000000e+02,1.300318593471865825e+01
4.220000000000000000e+02,1.295813574837369764e+01
4.230000000000000000e+02,1.300055311877780007e+01
4.240000000000000000e+02,1.301386929118963920e+01
4.250000000000000000e+02,1.310849827319326266e+01
4.260000000000000000e+02,1.326069760579775370e+01
4.270000000000000000e+02,1.247896778754857294e+01
4.280000000000000000e+02,1.234175141568697143e+01
4.290000000000000000e+02,1.228931273048392825e+01
4.300000000000000000e+02,1.203739199605760213e+01
4.310000000000000000e+02,1.191160773017487529e+01
4.320000000000000000e+02,1.192733821803377303e+01
4.330000000000000000e+02,1.229908986063283294e+01
4.340000000000000000e+02,1.190740706704460550e+01
4.350000000000000000e+02,1.238033195894211325e+01
4.360000000000000000e+02,1.192898111178419107e+01
4.370000000000000000e+02,1.200591419902612067e+01
4.380000000000000000e+02,1.187839498624330403e+01
4.390000000000000000e+02,1.164663811990016562e+01
4.400000000000000000e+02,1.115629522789165406e+01
4.410000000000000000e+02,1.084805429825328815e+01
4.420000000000000000e+02,1.051568652568369799e+01
4.430000000000000000e+02,1.018685040425188149e+01
4.440000000000000000e+02,9.874333063615150508e+00
4.450000000000000000e+02,9.802120829929586776e+00
4.460000000000000000e+02,9.463658373736137719e+00
4.470000000000000000e+02,9.778662675137514526e+00
4.480000000000000000e+02,9.470285946953614697e+00
4.490000000000000000e+02,9.621971563206823674e+00
4.500000000000000000e+02,9.300084059870950881e+00
4.510000000000000000e+02,9.437071326710091412e+00
4.520000000000000000e+02,9.306203436274390839e+00
4.530000000000000000e+02,9.626749882520199364e+00
4.540000000000000000e+02,9.374619451245246537e+00
4.550000000000000000e+02,9.397791458869955150e+00
4.560000000000000000e+02,9.222225867357606077e+00
4.570000000000000000e+02,9.374944899188299985e+00
4.580000000000000000e+02,9.145511898452758359e+00
4.590000000000000000e+02,9.260869277304379921e+00
4.600000000000000000e+02,9.021163120896529719e+00
4.610000000000000000e+02,9.514658449543345498e+00
4.620000000000000000e+02,9.297919348530472305e+00
4.630000000000000000e+02,9.489089357267285862e+00
4.640000000000000000e+02,9.239800015115203990e+00
4.650000000000000000e+02,9.496596407556994635e+00
4.660000000000000000e+02,9.159892392695882180e+00
4.670000000000000000e+02,9.411256543597080082e+00
4.680000000000000000e+02,9.174267997695306320e+00
4.690000000000000000e+02,9.300178438660793745e+00
4.700000000000000000e+02,9.249688897711861202e+00
4.710000000000000000e+02,9.376801108531148898e+00
4.720000000000000000e+02,9.382545295671732788e+00
4.730000000000000000e+02,9.358664607657654955e+00
4.740000000000000000e+02,9.478741120661219099e+00
4.750000000000000000e+02,9.696318702993892202e+00
4.760000000000000000e+02,9.267830247643903618e+00
4.770000000000000000e+02,9.568630620736213288e+00
4.780000000000000000e+02,9.564327147134211060e+00
4.790000000000000000e+02,9.158309047198425645e+00
4.800000000000000000e+02,9.249020528216062687e+00
4.810000000000000000e+02,9.442104876010700920e+00
4.820000000000000000e+02,9.121793519271543360e+00
4.830000000000000000e+02,9.097018442921299908e+00
4.840000000000000000e+02,8.664878727345621812e+00
4.850000000000000000e+02,8.345373330248547106e+00
4.860000000000000000e+02,8.065336193723316782e+00
4.870000000000000000e+02,7.960743639746129752e+00
4.880000000000000000e+02,7.848855189468778804e+00
4.890000000000000000e+02,8.003902890817913729e+00
4.900000000000000000e+02,7.775797830638333075e+00
4.910000000000000000e+02,7.960955723699196795e+00
4.920000000000000000e+02,7.593448038073618456e+00
4.930000000000000000e+02,7.844908374551462060e+00
4.940000000000000000e+02,7.620246295016203320e+00
4.950000000000000000e+02,7.826100612898500231e+00
4.960000000000000000e+02,7.574738082365141345e+00
4.970000000000000000e+02,7.795530272253726523e+00
4.980000000000000000e+02,7.473651927484071145e+00
4.990000000000000000e+02,7.687356865155976493e+00
5.000000000000000000e+02,7.601781328147776406e+00
5.010000000000000000e+02,7.965561451119021363e+00
5.020000000000000000e+02,7.679072533663710232e+00
5.030000000000000000e+02,7.695029724466466270e+00
5.040000000000000000e+02,7.326887392722321479e+00
5.050000000000000000e+02,7.291273968073830325e+00
5.060000000000000000e+02,7.146644341523895605e+00
5.070000000000000000e+02,7.031860728452588916e+00
5.080000000000000000e+02,6.835080841039583355e+00
5.090000000000000000e+02,6.778421468386946813e+00
5.100000000000000000e+02,6.632646472530895565e+00
5.110000000000000000e+02,6.259969980021453217e+00
5.120000000000000000e+02,6.342367481556307141e+00
5.130000000000000000e+02,6.064943402711260312e+00
5.140000000000000000e+02,6.019089131495491962e+00
5.150000000000000000e+02,5.977763481139283464e+00
5.160000000000000000e+02,6.139340133746670425e+00
5.170000000000000000e+02,6.094446983845134724e+00
5.180000000000000000e+02,6.062699452239672659e+00
5.190000000000000000e+02,6.058576536742187990e+00
5.200000000000000000e+02,6.128104778470640390e+00
5.210000000000000000e+02,6.012141504690708516e+00
5.220000000000000000e+02,6.200438436129401154e+00
5.230000000000000000e+02,6.162723571966516545e+00
5.240000000000000000e+02,6.194782928218598883e+00
5.250000000000000000e+02,6.114191959336069182e+00
5.260000000000000000e+02,6.044644621194032119e+00
5.270000000000000000e+02,5.891495147071449168e+00
5.280000000000000000e+02,5.849121434914937190e+00
5.290000000000000000e+02,5.638973538032611366e+00
5.300000000000000000e+02,5.635045711404520929e+00
5.310000000000000000e+02,5.532907122381480747e+00
5.320000000000000000e+02,5.410175363760699518e+00
5.330000000000000000e+02,5.255764420036099338e+00
5.340000000000000000e+02,5.238564036976658400e+00
5.350000000000000000e+02,5.154692519492149572e+00
5.360000000000000000e+02,5.347276823435155535e+00
5.370000000000000000e+02,5.466630483768709858e+00
5.380000000000000000e+02,5.631466743185604251e+00
5.390000000000000000e+02,5.825690273620104165e+00
5.400000000000000000e+02,5.973366582673818037e+00
5.410000000000000000e+02,5.982594105014549690e+00
5.420000000000000000e+02,6.030136296495077097e+00
5.430000000000000000e+02,5.863944601647688160e+00
5.440000000000000000e+02,5.514398923064146807e+00
5.450000000000000000e+02,5.280907825213197349e+00
5.460000000000000000e+02,4.961328954450790363e+00
5.470000000000000000e+02,4.805372280221281933e+00
5.480000000000000000e+02,4.796425928226693003e+00
5.490000000000000000e+02,4.777597321008946629e+00
5.500000000000000000e+02,4.713591537643543106e+00
5.510000000000000000e+02,4.875968463888518123e+00
5.520000000000000000e+02,4.913382813612090061e+00
5.530000000000000000e+02,5.032127161778175761e+00
5.540000000000000000e+02,5.081414944612932416e+00
5.550000000000000000e+02,5.300467954883281152e+00
5.560000000000000000e+02,5.316224354628862336e+00
5.570000000000000000e+02,5.376321219786430738e+00
5.580000000000000000e+02,5.278584765026769432e+00
5.590000000000000000e+02,5.190573810609357075e+00
5.600000000000000000e+02,4.982827225881081290e+00
5.610000000000000000e+02,4.915463629726156469e+00
5.620000000000000000e+02,4.702356640065247895e+00
5.630000000000000000e+02,4.592456194897066801e+00
5.640000000000000000e+02,4.577676864033248805e+00
5.650000000000000000e+02,4.672165176766180927e+00
5.660000000000000000e+02,4.706934107923540722e+00
5.670000000000000000e+02,4.969524731877193346e+00
5.680000000000000000e+02,5.046356735172782493e+00
5.690000000000000000e+02,5.192090692969563825e+00
5.700000000000000000e+02,5.272482616651996246e+00
5.710000000000000000e+02,5.439607558116321684e+00
5.720000000000000000e+02,5.429582521030928532e+00
5.730000000000000000e+02,5.446044367953520648e+00
5.740000000000000000e+02,5.298172062072250554e+00
5.750000000000000000e+02,5.345699470578147761e+00
5.760000000000000000e+02,5.268156497787198411e+00
5.770000000000000000e+02,5.134182963813156420e+00
5.780000000000000000e+02,5.015572263282709997e+00
5.790000000000000000e+02,4.968661094386253474e+00
5.800000000000000000e+02,4.861096879301808116e+00
5.810000000000000000e+02,4.759655082612576749e+00
5.820000000000000000e+02,4.671101253478523674e+00
5.830000000000000000e+02,4.597788821667696091e+00
5.840000000000000000e+02,4.440906041679438587e+00
5.850000000000000000e+02,4.278244007649304237e+00
5.860000000000000000e+02,4.187183941894212502e+00
5.870000000000000000e+02,4.198742010404860281e+00
5.880000000000000000e+02,4.306521878940704262e+00
5.890000000000000000e+02,4.358545895173675078e+00
5.900000000000000000e+02,4.527231199929409478e+00
5.910000000000000000e+02,4.569321537540318445e+00
5.920000000000000000e+02,4.731351022225958047e+00
5.930000000000000000e+02,4.557989126827467707e+00
5.940000000000000000e+02,4.618870761724940266e+00
5.950000000000000000e+02,4.498890898813618477e+00
5.960000000000000000e+02,4.668717909607337013e+00
5.970000000000000000e+02,4.681169176726060144e+00
5.980000000000000000e+02,4.870689933477854616e+00
5.990000000000000000e+02,4.753645125630189483e+00
6.000000000000000000e+02,4.868267315103826931e+00
6.010000000000000000e+02,4.740216445727220673e+00
6.020000000000000000e+02,4.710035521247077916e+00
6.030000000000000000e+02,4.505981755929227006e+00
6.040000000000000000e+02,4.536220140959740910e+00
6.050000000000000000e+02,4.519777332121053703e+00
6.060000000000000000e+02,4.647116505913587936e+00
6.070000000000000000e+02,4.689052136550758476e+00
6.080000000000000000e+02,4.797184483387856524e+00
6.090000000000000000e+02,4.866918750740442334e+00
6.100000000000000000e+02,4.972615404167941122e+00
6.110000000000000000e+02,4.953058079229383459e+00
6.120000000000000000e+02,4.903302873255142913e+00
6.130000000000000000e+02,4.813424983833843207e+00
6.140000000000000000e+02,4.797872976568561931e+00
6.150000000000000000e+02,4.777560033665863237e+00
6.160000000000000000e+02,4.724324172930129961e+00
6.170000000000000000e+02,4.638604860712089994e+00
6.180000000000000000e+02,4.687312235324273324e+00
6.190000000000000000e+02,4.705278124479457702e+00
6.200000000000000000e+02,4.725930683028111368e+00
6.210000000000000000e+02,4.551436915658908511e+00
6.220000000000000000e+02,4.585607464612885487e+00
6.230000000000000000e+02,4.535871120591738581e+00
6.240000000000000000e+02,4.450272470574992312e+00
6.250000000000000000e+02,4.473802462120335832e+00
6.260000000000000000e+02,4.359902196509344741e+00
6.270000000000000000e+02,4.385392871131124970e+00
6.280000000000000000e+02,4.269530751711699601e+00
6.290000000000000000e+02,4.226878847176793741e+00
6.300000000000000000e+02,4.318172058291357196e+00
6.310000000000000000e+02,4.394004906254868281e+00
6.320000000000000000e+02,4.216170149349897756e+00
6.330000000000000000e+02,4.207999777684905851e+00
6.340000000000000000e+02,4.121229647041554145e+00
6.350000000000000000e+02,4.178929928429004903e+00
6.360000000000000000e+02,4.152995206547550389e+00
6.370000000000000000e+02,4.351116760534947225e+00
6.380000000000000000e+02,4.251999247305667140e+00
6.390000000000000000e+02,4.326958526248708026e+00
6.400000000000000000e+02,4.304901970808203693e+00
6.410000000000000000e+02,4.287583735900841297e+00
6.420000000000000000e+02,4.296369797406273783e+00
6.430000000000000000e+02,4.367478292009177920e+00
6.440000000000000000e+02,4.350605751848479308e+00
6.450000000000000000e+02,4.266630338278047496e+00
6.460000000000000000e+02,4.197745605534315416e+00
6.470000000000000000e+02,4.062280335335591630e+00
6.480000000000000000e+02,4.045659754598375457e+00
6.490000000000000000e+02,4.008641972049219682e+00
6.500000000000000000e+02,4.057959600386731758e+00
6.510000000000000000e+02,4.185927155024194768e+00
6.520000000000000000e+02,4.302059251373901994e+00
6.530000000000000000e+02,4.362583323382535738e+00
6.540000000000000000e+02,4.352850064706137445e+00
6.550000000000000000e+02,4.214112250278281735e+00
6.560000000000000000e+02,3.942325326817117670e+00
6.570000000000000000e+02,3.901367596182400366e+00
6.580000000000000000e+02,3.925486060626278029e+00
6.590000000000000000e+02,3.939351672238371460e+00
6.600000000000000000e+02,3.954184492732909284e+00
6.610000000000000000e+02,4.025079378053187718e+00
6.620000000000000000e+02,3.852702176821658053e+00
6.630000000000000000e+02,3.912971579263890387e+00
6.640000000000000000e+02,3.908849333113037616e+00
6.650000000000000000e+02,3.919820558463844140e+00
6.660000000000000000e+02,3.921470101037427547e+00
6.670000000000000000e+02,4.005593026464625339e+00
6.680000000000000000e+02,4.058626088310049340e+00
6.690000000000000000e+02,4.177101830994365272e+00
6.700000000000000000e+02,4.276542210879485495e+00
6.710000000000000000e+02,4.235067808754839014e+00
6.720000000000000000e+02,4.258288981835746334e+00
6.730000000000000000e+02,4.165871286347324620e+00
6.740000000000000000e+02,3.990688122797121373e+00
6.750000000000000000e+02,3.888454204761372601e+00
6.760000000000000000e+02,3.815275867983242808e+00
6.770000000000000000e+02,3.719867543047454372e+00
6.780000000000000000e+02,3.587338999987882193e+00
6.790000000000000000e+02,3.608278396586758863e+00
6.800000000000000000e+02,3.498703203092534242e+00
6.810000000000000000e+02,3.583798833509693083e+00
6.820000000000000000e+02,3.584161322213479828e+00
6.830000000000000000e+02,3.700334065700993325e+00
6.840000000000000000e+02,3.771460938746568292e+00
6.850000000000000000e+02,3.727982916632889054e+00
6.860000000000000000e+02,3.746330691082478292e+00
6.870000000000000000e+02,3.839699256858409626e+00
6.880000000000000000e+02,3.878295143441922832e+00
6.890000000000000000e+02,3.875007735864964165e+00
6.900000000000000000e+02,3.919618288776444803e+00
6.910000000000000000e+02,3.868102890772028069e+00
6.920000000000000000e+02,3.910093006597050724e+00
6.930000000000000000e+02,3.788921930799653559e+00
6.940000000000000000e+02,3.744518981453913931e+00
6.950000000000000000e+02,3.678425489514434599e+00
6.960000000000000000e+02,3.690411801701232175e+00
6.970000000000000000e+02,3.673183044489721993e+00
6.980000000000000000e+02,3.841983912302679105e+00
6.990000000000000000e+02,3.790491736654520771e+00
7.000000000000000000e+02,3.858199568432628901e+00
7.010000000000000000e+02,3.822385390565793628e+00
7.020000000000000000e+02,3.869634467643543019e+00
7.030000000000000000e+02,3.885534695128830762e+00
7.040000000000000000e+02,4.035998400153486543e+00
7.050000000000000000e+02,4.018862650738249442e+00
7.060000000000000000e+02,4.063215357482764745e+00
7.070000000000000000e+02,3.974969868248315663e+00
7.080000000000000000e+02,3.961004185814927858e+00
7.090000000000000000e+02,3.871567570669371516e+00
7.100000000000000000e+02,3.864127695786122807e+00
7.110000000000000000e+02,3.911189674845340747e+00
7.120000000000000000e+02,3.869509429125022937e+00
7.130000000000000000e+02,3.875782170457553022e+00
7.140000000000000000e+02,3.752193349977996917e+00
7.150000000000000000e+02,3.704883766489251329e+00
7.160000000000000000e+02,3.618041062349680814e+00
7.170000000000000000e+02,3.629531141758919777e+00
7.180000000000000000e+02,3.585209503054351821e+00
7.190000000000000000e+02,3.649134184395774749e+00
7.200000000000000000e+02,3.615899447086989849e+00
7.210000000000000000e+02,3.562354376749482299e+00
7.220000000000000000e+02,3.521439053060785085e+00
7.230000000000000000e+02,3.505813746152711019e+00
7.240000000000000000e+02,3.473635833842342979e+00
7.250000000000000000e+02,3.404501285270489674e+00
7.260000000000000000e+02,3.483263917019793432e+00
7.270000000000000000e+02,3.516409529258047062e+00
7.280000000000000000e+02,3.533565796782458079e+00
7.290000000000000000e+02,3.510071755369218671e+00
7.300000000000000000e+02,3.466360766539906102e+00
7.310000000000000000e+02,3.295566575579923718e+00
7.320000000000000000e+02,3.234946124394281419e+00
7.330000000000000000e+02,3.128809822761274173e+00
7.340000000000000000e+02,3.109271619823777311e+00
7.350000000000000000e+02,3.045073656853920951e+00
7.360000000000000000e+02,3.038493559928708621e+00
7.370000000000000000e+02,3.001555469057387349e+00
7.380000000000000000e+02,3.046023169400684072e+00
7.390000000000000000e+02,3.106122981486486800e+00
7.400000000000000000e+02,3.179404052032964056e+00
7.410000000000000000e+02,3.246768896626412992e+00
7.420000000000000000e+02,3.262842019483228828e+00
7.430000000000000000e+02,3.298179803041346059e+00
7.440000000000000000e+02,3.234677493137162685e+00
7.450000000000000000e+02,3.230939876057056459e+00
7.460000000000000000e+02,3.091098061586763368e+00
7.470000000000000000e+02,3.055422211129600996e+00
7.480000000000000000e+02,2.941004071823546173e+00
7.490000000000000000e+02,2.919413592293679027e+00
7.500000000000000000e+02,2.923844299673745706e+00
7.510000000000000000e+02,2.952289313055433073e+00
7.520000000000000000e+02,2.934262207544759082e+00
7.530000000000000000e+02,2.923585771765169650e+00
7.540000000000000000e+02,2.918030028075691007e+00
7.550000000000000000e+02,2.996732045120321430e+00
7.560000000000000000e+02,2.976473197006701987e+00
7.570000000000000000e+02,2.894471351422116534e+00
7.580000000000000000e+02,2.841232769895018162e+00
7.590000000000000000e+02,2.754215062370533929e+00
7.600000000000000000e+02,2.779912774432031330e+00
7.610000000000000000e+02,2.777923117896548888e+00
7.620000000000000000e+02,2.850543231727803661e+00
7.630000000000000000e+02,2.815912719334534575e+00
7.640000000000000000e+02,2.905379734598416253e+00
7.650000000000000000e+02,2.904565114970385054e+00
7.660000000000000000e+02,2.938198787031736092e+00
7.670000000000000000e+02,2.937558841154054967e+00
7.680000000000000000e+02,2.838576272909227871e+00
7.690000000000000000e+02,2.775881045112161161e+00
7.700000000000000000e+02,2.692094195288549763e+00
7.710000000000000000e+02,2.707506698532713862e+00
7.720000000000000000e+02,2.715135084027389567e+00
7.730000000000000000e+02,2.740740848564183096e+00
7.740000000000000000e+02,2.652247595573805405e+00
7.750000000000000000e+02,2.737396798295542055e+00
7.760000000000000000e+02,2.747023723599224976e+00
7.770000000000000000e+02,2.759162371434391581e+00
7.780000000000000000e+02,2.839421372836193225e+00
7.790000000000000000e+02,2.894979413562773995e+00
7.800000000000000000e+02,2.899232118141692904e+00
7.810000000000000000e+02,2.904874697248925219e+00
7.820000000000000000e+02,2.923931899919365307e+00
7.830000000000000000e+02,2.783107871332442862e+00
7.840000000000000000e+02,2.693285363775823171e+00
7.850000000000000000e+02,2.537463147158355525e+00
7.860000000000000000e+02,2.482866958162349924e+00
7.870000000000000000e+02,2.380822314715646648e+00
7.880000000000000000e+02,2.391369906763721520e+00
7.890000000000000000e+02,2.361846563120285403e+00
7.900000000000000000e+02,2.468297354372566588e+00
7.910000000000000000e+02,2.427360809296700950e+00
7.920000000000000000e+02,2.465626947644661282e+00
7.930000000000000000e+02,2.537462695780732691e+00
7.940000000000000000e+02,2.643300947513762100e+00
7.950000000000000000e+02,2.616180058459326219e+00
7.960000000000000000e+02,2.688002859682161905e+00
7.970000000000000000e+02,2.579429495618325685e+00
7.980000000000000000e+02,2.590813642289238494e+00
7.990000000000000000e+02,2.514465427033066192e+00
8.000000000000000000e+02,2.396526509564164353e+00
8.010000000000000000e+02,2.365749806147348977e+00
8.020000000000000000e+02,2.336808064207028135e+00
8.030000000000000000e+02,2.328936522406503506e+00
8.040000000000000000e+02,2.306585993116915478e+00
8.050000000000000000e+02,2.307737630983417443e+00
8.060000000000000000e+02,2.270765806540883336e+00
8.070000000000000000e+02,2.313511123136086756e+00
8.080000000000000000e+02,2.276815424685722178e+00
8.090000000000000000e+02,2.278841077904082191e+00
8.100000000000000000e+02,2.251102097013116587e+00
8.110000000000000000e+02,2.209611928990091734e+00
8.120000000000000000e+02,2.228665988756767025e+00
8.130000000000000000e+02,2.178366273536549880e+00
8.140000000000000000e+02,2.172492809014205495e+00
8.150000000000000000e+02,2.102582852717960193e+00
8.160000000000000000e+02,2.095416596969836842e+00
8.170000000000000000e+02,2.068953053366931805e+00
8.180000000000000000e+02,2.047832107609025787e+00
8.190000000000000000e+02,2.023053739907889170e+00
8.200000000000000000e+02,1.978372117766931115e+00
8.210000000000000000e+02,1.976710069257362035e+00
8.220000000000000000e+02,1.930530584831918972e+00
8.230000000000000000e+02,1.895387286129231796e+00
8.240000000000000000e+02,1.858445723778074710e+00
8.250000000000000000e+02,1.887824569365520455e+00
8.260000000000000000e+02,1.881384681221654809e+00
8.270000000000000000e+02,1.899375003104177839e+00
8.280000000000000000e+02,1.928454350814911233e+00
8.290000000000000000e+02,1.929007139292603590e+00
8.300000000000000000e+02,1.964176499521453678e+00
8.310000000000000000e+02,1.958395736242823260e+00
8.320000000000000000e+02,1.931746950354760184e+00
8.330000000000000000e+02,1.915017907262325458e+00
8.340000000000000000e+02,1.867927052679651645e+00
8.350000000000000000e+02,1.818063481993585917e+00
8.360000000000000000e+02,1.785957249066530750e+00
8.370000000000000000e+02,1.774521223725569197e+00
8.380000000000000000e+02,1.698560774536677087e+00
8.390000000000000000e+02,1.742048867463849460e+00
8.400000000000000000e+02,1.725831839805197054e+00
8.410000000000000000e+02,1.738254798517210098e+00
8.420000000000000000e+02,1.777628236252278837e+00
8.430000000000000000e+02,1.796877257171453302e+00
8.440000000000000000e+02,1.759884619069278289e+00
8.450000000000000000e+02,1.801630855093920403e+00
8.460000000000000000e+02,1.775688272538095136e+00
8.470000000000000000e+02,1.757773607044993414e+00
8.480000000000000000e+02,1.754637540737177259e+00
8.490000000000000000e+02,1.747646286856565645e+00
8.500000000000000000e+02,1.743904545492636293e+00
8.510000000000000000e+02,1.772277521424428182e+00
8.520000000000000000e+02,1.733898168500729309e+00
8.530000000000000000e+02,1.748106260828876879e+00
8.540000000000000000e+02,1.776668011152717552e+00
8.550000000000000000e+02,1.783401248354698154e+00
8.560000000000000000e+02,1.770914867355547040e+00
8.570000000000000000e+02,1.774454526947891075e+00
8.580000000000000000e+02,1.739079400702413736e+00
8.590000000000000000e+02,1.741865191756338804e+00
8.600000000000000000e+02,1.722909125566876476e+00
8.610000000000000000e+02,1.717025696817398028e+00
8.620000000000000000e+02,1.701865914748069253e+00
8.630000000000000000e+02,1.687927300804292319e+00
8.640000000000000000e+02,1.640735083567404384e+00
8.650000000000000000e+02,1.641403726191529300e+00
8.660000000000000000e+02,1.654225976531470410e+00
8.670000000000000000e+02,1.639216745985412338e+00
8.680000000000000000e+02,1.660731184711372599e+00
8.690000000000000000e+02,1.659825920675709776e+00
8.700000000000000000e+02,1.679779860685336468e+00
8.710000000000000000e+02,1.656194194718944690e+00
8.720000000000000000e+02,1.668923151438678865e+00
8.730000000000000000e+02,1.663304634541416638e+00
8.740000000000000000e+02,1.649808367675148046e+00
8.750000000000000000e+02,1.605872712259984514e+00
8.760000000000000000e+02,1.574861984647171642e+00
8.770000000000000000e+02,1.556116846080493055e+00
8.780000000000000000e+02,1.539171983752041895e+00
8.790000000000000000e+02,1.521445942261438145e+00
8.800000000000000000e+02,1.517430570122966449e+00
8.810000000000000000e+02,1.483157672612762878e+00
8.820000000000000000e+02,1.526514186932719008e+00
8.830000000000000000e+02,1.487113199150496889e+00
8.840000000000000000e+02,1.496979798559924912e+00
8.850000000000000000e+02,1.479664749272437074e+00
8.860000000000000000e+02,1.510033039690487300e+00
8.870000000000000000e+02,1.478927405311995180e+00
8.880000000000000000e+02,1.467646130816859573e+00
8.890000000000000000e+02,1.467428156834167385e+00
8.900000000000000000e+02,1.480185980823443881e+00
8.910000000000000000e+02,1.499099130433193983e+00
8.920000000000000000e+02,1.459273291116957472e+00
8.930000000000000000e+02,1.476068675265176156e+00
8.940000000000000000e+02,1.478129715584752146e+00
8.950000000000000000e+02,1.465849236367520403e+00
8.960000000000000000e+02,1.437438233796354936e+00
8.970000000000000000e+02,1.409760370504901106e+00
8.980000000000000000e+02,1.374846699898813362e+00
8.990000000000000000e+02,1.382877264470121048e+00
9.000000000000000000e+02,1.380780489141133272e+00
9.010000000000000000e+02,1.364525330871838360e+00
9.020000000000000000e+02,1.385217459345575275e+00
9.030000000000000000e+02,1.385996443397385036e+00
9.040000000000000000e+02,1.369609685358936568e+00
9.050000000000000000e+02,1.365468907246859542e+00
9.060000000000000000e+02,1.378728250612865969e+00
9.070000000000000000e+02,1.338277590728524258e+00
9.080000000000000000e+02,1.356426582464123731e+00
9.090000000000000000e+02,1.312347809448333180e+00
9.100000000000000000e+02,1.301778003763130354e+00
9.110000000000000000e+02,1.288179758119520679e+00
9.120000000000000000e+02,1.274210212949159482e+00
9.130000000000000000e+02,1.256131924692322155e+00
9.140000000000000000e+02,1.301278175891235733e+00
9.150000000000000000e+02,1.264301187561780671e+00
9.160000000000000000e+02,1.290793308565987951e+00
9.170000000000000000e+02,1.295921435636831376e+00
9.180000000000000000e+02,1.316846198407088941e+00
9.190000000000000000e+02,1.315777217340315941e+00
9.200000000000000000e+02,1.322667338250067104e+00
9.210000000000000000e+02,1.324882539897348499e+00
9.220000000000000000e+02,1.282218094426252009e+00
9.230000000000000000e+02,1.281584226269165905e+00
9.240000000000000000e+02,1.257174183957041391e+00
9.250000000000000000e+02,1.266114884477435920e+00
9.260000000000000000e+02,1.223546202889172152e+00
9.270000000000000000e+02,1.229137003739097400e+00
9.280000000000000000e+02,1.196656823747765719e+00
9.290000000000000000e+02,1.200729863040970180e+00
9.300000000000000000e+02,1.169416810030875498e+00
9.310000000000000000e+02,1.200284324675452208e+00
9.320000000000000000e+02,1.221572636507422205e+00
9.330000000000000000e+02,1.244808294432878881e+00
9.340000000000000000e+02,1.234166854424421977e+00
9.350000000000000000e+02,1.222739446969619781e+00
9.360000000000000000e+02,1.205647003902364789e+00
9.370000000000000000e+02,1.201795111788096060e+00
9.380000000000000000e+02,1.208418417131445377e+00
9.390000000000000000e+02,1.205903905980174162e+00
9.400000000000000000e+02,1.192835601689353098e+00
9.410000000000000000e+02,1.167258893169797362e+00
9.420000000000000000e+02,1.171960136672576702e+00
9.430000000000000000e+02,1.155367108456503367e+00
9.440000000000000000e+02,1.157420608005062412e+00
9.450000000000000000e+02,1.147666828581261900e+00
9.460000000000000000e+02,1.138006875791391703e+00
9.470000000000000000e+02,1.122516049798562454e+00
9.480000000000000000e+02,1.130671369614603128e+00
9.490000000000000000e+02,1.125334327924369493e+00
9.500000000000000000e+02,1.102234993341442593e+00
9.510000000000000000e+02,1.127352715517695003e+00
9.520000000000000000e+02,1.124543331200009266e+00
9.530000000000000000e+02,1.098568070054207979e+00
9.540000000000000000e+02,1.110231290631623846e+00
9.550000000000000000e+02,1.128562379107094227e+00
9.560000000000000000e+02,1.114074072591129561e+00
9.570000000000000000e+02,1.137128188815653473e+00
9.580000000000000000e+02,1.103847131965949302e+00
9.590000000000000000e+02,1.082925020525646209e+00
9.600000000000000000e+02,1.108354192903727053e+00
9.610000000000000000e+02,1.106716206599158481e+00
9.620000000000000000e+02,1.090400625632449216e+00
9.630000000000000000e+02,1.109656751992374346e+00
9.640000000000000000e+02,1.095750888054347172e+00
9.650000000000000000e+02,1.117117362899946009e+00
9.660000000000000000e+02,1.119780678547732444e+00
9.670000000000000000e+02,1.150087106705370399e+00
9.680000000000000000e+02,1.163114990434513274e+00
9.690000000000000000e+02,1.165160939587865263e+00
9.700000000000000000e+02,1.158248250208540719e+00
9.710000000000000000e+02,1.161645840450729938e+00
9.720000000000000000e+02,1.161162887700074586e+00
9.730000000000000000e+02,1.150934384779687125e+00
9.740000000000000000e+02,1.172811140516478945e+00
9.750000000000000000e+02,1.151645926496258188e+00
9.760000000000000000e+02,1.158139460567089385e+00
9.770000000000000000e+02,1.142814171240300158e+00
9.780000000000000000e+02,1.177975772064573823e+00
9.790000000000000000e+02,1.176695094458512614e+00
9.800000000000000000e+02,1.205271256212156805e+00
9.810000000000000000e+02,1.170463274730240810e+00
9.820000000000000000e+02,1.159134960052917718e+00
9.830000000000000000e+02,1.132340885875722458e+00
9.840000000000000000e+02,1.094397560015233806e+00
9.850000000000000000e+02,1.073548511172703002e+00
9.860000000000000000e+02,1.067028139689616628e+00
9.870000000000000000e+02,1.067966690805367769e+00
9.880000000000000000e+02,1.073755920573209011e+00
9.890000000000000000e+02,1.073910025638015409e+00
9.900000000000000000e+02,1.095480182444285466e+00
9.910000000000000000e+02,1.126722815290852608e+00
9.920000000000000000e+02,1.116261611598758252e+00
9.930000000000000000e+02,1.116278392651590456e+00
9.940000000000000000e+02,1.101413712943309475e+00
9.950000000000000000e+02,1.052516083211095355e+00
9.960000000000000000e+02,1.049502852684478738e+00
9.970000000000000000e+02,1.022386208935658569e+00
9.980000000000000000e+02,1.032358910044046896e+00
9.990000000000000000e+02,1.028499235393925737e+00
1.000000000000000000e+03,1.049525674182423707e+00
1.001000000000000000e+03,1.029316937185819736e+00
1.002000000000000000e+03,1.065684538117973146e+00
1.003000000000000000e+03,1.039808232574273017e+00
1.004000000000000000e+03,1.053730975164296035e+00
1.005000000000000000e+03,1.045106355275494003e+00
1.006000000000000000e+03,1.051903708436313645e+00
1.007000000000000000e+03,1.062281355262285842e+00
1.008000000000000000e+03,1.080735577657893298e+00
1.009000000000000000e+03,1.062946882072284271e+00
1.010000000000000000e+03,1.050247820316656977e+00
1.011000000000000000e+03,1.062767124271920549e+00
1.012000000000000000e+03,1.058313725995052801e+00
1.013000000000000000e+03,1.049880725928298730e+00
1.014000000000000000e+03,1.056990401916345634e+00
1.015000000000000000e+03,1.026693547978463128e+00
1.016000000000000000e+03,1.027037045644673130e+00
1.017000000000000000e+03,9.921130174856727102e-01
1.018000000000000000e+03,1.005617437677770232e+00
1.019000000000000000e+03,9.711180722028606160e-01
1.020000000000000000e+03,9.965565174441776142e-01
1.021000000000000000e+03,9.684966941635642090e-01
1.022000000000000000e+03,9.874080779989831136e-01
1.023000000000000000e+03,9.637377083003075828e-01
1.024000000000000000e+03,9.889253864518916526e-01
1.025000000000000000e+03,9.867500019100592379e-01
1.026000000000000000e+03,9.988892340640620482e-01
1.027000000000000000e+03,1.003583690883368851e+00
1.028000000000000000e+03,1.008979435137659086e+00
1.029000000000000000e+03,9.946057715250350428e-01
1.030000000000000000e+03,9.740549865424704690e-01
1.031000000000000000e+03,9.666979245791881281e-01
1.032000000000000000e+03,9.636703614799096984e-01
1.033000000000000000e+03,9.370493781591179294e-01
1.034000000000000000e+03,9.211345299494201333e-01
1.035000000000000000e+03,9.012758314878226429e-01
1.036000000000000000e+03,8.974853077750155617e-01
1.037000000000000000e+03,8.972840148794959392e-01
1.038000000000000000e+03,9.034444914346998479e-01
1.039000000000000000e+03,8.981608123470972149e-01
1.040000000000000000e+03,9.280061601290748863e-01
1.041000000000000000e+03,9.382035660284008260e-01
1.042000000000000000e+03,9.361846177884526332e-01
1.043000000000000000e+03,9.181960907667844340e-01
1.044000000000000000e+03,8.973205224250596634e-01
1.045000000000000000e+03,8.821631856594264187e-01
1.046000000000000000e+03,8.620974092371970210e-01
1.047000000000000000e+03,8.688300415048256786e-01
1.048000000000000000e+03,8.469846602902708632e-01
1.049000000000000000e+03,8.789785446608164854e-01
1.050000000000000000e+03,8.630239479568044825e-01
1.051000000000000000e+03,8.756423348493019843e-01
1.052000000000000000e+03,8.722097120252629843e-01
1.053000000000000000e+03,8.833935364283461711e-01
1.054000000000000000e+03,8.560876685045886170e-01
1.055000000000000000e+03,8.717476661242522518e-01
1.056000000000000000e+03,8.675904699626292294e-01
1.057000000000000000e+03,8.802413464037346369e-01
1.058000000000000000e+03,8.880425364043851300e-01
1.059000000000000000e+03,8.876068246113798521e-01
1.060000000000000000e+03,8.790472068424709517e-01
1.061000000000000000e+03,8.825089592622944457e-01
1.062000000000000000e+03,8.884162240115853759e-01
1.063000000000000000e+03,9.035247373611345889e-01
1.064000000000000000e+03,9.058797386666371798e-01
1.065000000000000000e+03,9.267860337317473940e-01
1.066000000000000000e+03,9.189246966958800611e-01
1.067000000000000000e+03,9.411465940792369533e-01
1.068000000000000000e+03,9.263865483819452296e-01
1.069000000000000000e+03,9.296334879043800514e-01
1.070000000000000000e+03,9.119720220823923640e-01
1.071000000000000000e+03,9.497774795371024537e-01
1.072000000000000000e+03,9.377728091248954678e-01
1.073000000000000000e+03,9.633804190530456113e-01
1.074000000000000000e+03,9.366160738224502680e-01
1.075000000000000000e+03,9.530953396627509511e-01
1.076000000000000000e+03,9.637852606415995282e-01
1.077000000000000000e+03,9.737390383838994135e-01
1.078000000000000000e+03,9.470523165019468781e-01
1.079000000000000000e+03,9.434080209133497430e-01
1.080000000000000000e+03,9.497288681707443114e-01
1.081000000000000000e+03,9.528992970221307202e-01
1.082000000000000000e+03,9.370587868622013428e-01
1.083000000000000000e+03,9.150614636864853324e-01
1.084000000000000000e+03,8.859282284354463854e-01
1.085000000000000000e+03,8.782200575789860242e-01
1.086000000000000000e+03,8.615256698562898663e-01
1.087000000000000000e+03,8.555698362079861008e-01
1.088000000000000000e+03,8.341144922415669738e-01
1.089000000000000000e+03,8.288791280707230591e-01
1.090000000000000000e+03,8.346175593120087610e-01
1.091000000000000000e+03,8.357269107159888133e-01
1.092000000000000000e+03,8.359474865467657612e-01
1.093000000000000000e+03,8.377698822967361014e-01
1.094000000000000000e+03,8.743495615771874618e-01
1.095000000000000000e+03,8.874178973925570535e-01
1.096000000000000000e+03,8.996005270009059807e-01
1.097000000000000000e+03,8.944865491234710309e-01
1.098000000000000000e+03,9.016158870247752422e-01
1.099000000000000000e+03,8.749100996546490538e-01
1.100000000000000000e+03,8.728352531882043186e-01
1.101000000000000000e+03,8.449518596314342656e-01
1.102000000000000000e+03,8.323154106219461390e-01
1.103000000000000000e+03,8.136381974224761171e-01
1.104000000000000000e+03,8.219915658581818940e-01
1.105000000000000000e+03,8.260922076600338837e-01
1.106000000000000000e+03,8.297113898425996226e-01
1.107000000000000000e+03,8.261799411905761392e-01
1.108000000000000000e+03,8.120010049216340731e-01
1.109000000000000000e+03,8.175269969575473805e-01
1.110000000000000000e+03,8.131969667500815735e-01
1.111000000000000000e+03,8.062521747763645719e-01
1.112000000000000000e+03,7.827218927949841643e-01
1.113000000000000000e+03,7.668457198054193791e-01
1.114000000000000000e+03,7.603164635158863316e-01
1.115000000000000000e+03,7.394432907350929618e-01
1.116000000000000000e+03,7.358819376275169688e-01
1.117000000000000000e+03,7.152945952774535376e-01
1.118000000000000000e+03,7.084434175882917684e-01
1.119000000000000000e+03,7.031560284789479809e-01
1.120000000000000000e+03,7.037666882888099495e-01
1.121000000000000000e+03,6.993607276335738199e-01
1.122000000000000000e+03,6.920533561436530423e-01
1.123000000000000000e+03,6.785459899684886942e-01
1.124000000000000000e+03,6.693443779343644096e-01
1.125000000000000000e+03,6.680593546550551709e-01
1.126000000000000000e+03,6.816709129180410498e-01
1.127000000000000000e+03,6.691278766518575782e-01
1.128000000000000000e+03,6.657712359308225469e-01
1.129000000000000000e+03,6.637508703975605329e-01
1.130000000000000000e+03,6.666163175583140754e-01
1.131000000000000000e+03,6.600332266292255889e-01
1.132000000000000000e+03,6.610729072431063003e-01
1.133000000000000000e+03,6.298479745369812699e-01
1.134000000000000000e+03,6.253238470503761359e-01
1.135000000000000000e+03,6.176460545271599267e-01
1.136000000000000000e+03,6.084081855730507638e-01
1.137000000000000000e+03,6.154843793444787492e-01
1.138000000000000000e+03,6.136149265411386944e-01
1.139000000000000000e+03,6.208516110821148404e-01
1.140000000000000000e+03,6.165587068426444661e-01
1.141000000000000000e+03,6.109345241458629117e-01
1.142000000000000000e+03,5.948138448474615814e-01
1.143000000000000000e+03,5.896719987826485321e-01
1.144000000000000000e+03,5.721773773283774789e-01
1.145000000000000000e+03,5.660619282923462503e-01
1.146000000000000000e+03,5.632145706565493404e-01
1.147000000000000000e+03,5.512700449423858506e-01
1.148000000000000000e+03,5.511321988033806019e-01
1.149000000000000000e+03,5.458758347354382146e-01
1.150000000000000000e+03,5.424999404755691534e-01
1.151000000000000000e+03,5.347469226416687871e-01
1.152000000000000000e+03,5.391308274792563360e-01
1.153000000000000000e+03,5.389194936103142153e-01
1.154000000000000000e+03,5.383535418166511821e-01
1.155000000000000000e+03,5.491002854291331392e-01
1.156000000000000000e+03,5.468101628565327221e-01
1.157000000000000000e+03,5.360775114219945570e-01
1.158000000000000000e+03,5.362328364272822556e-01
1.159000000000000000e+03,5.281817063405308543e-01
1.160000000000000000e+03,5.200906374090930040e-01
1.161000000000000000e+03,5.165890174258026546e-01
1.162000000000000000e+03,5.097681201939541218e-01
1.163000000000000000e+03,5.094969297947722353e-01
1.164000000000000000e+03,5.041366472329639192e-01
1.165000000000000000e+03,4.933118920715253708e-01
1.166000000000000000e+03,4.827161909743599155e-01
1.167000000000000000e+03,4.823411371274720638e-01
1.168000000000000000e+03,4.862092999704777929e-01
1.169000000000000000e+03,4.919853672897993024e-01
1.170000000000000000e+03,5.012322942401707948e-01
1.171000000000000000e+03,5.027122623830938553e-01
1.172000000000000000e+03,5.085048048624077888e-01
1.173000000000000000e+03,4.972969809668266739e-01
1.174000000000000000e+03,5.038512047842955699e-01
1.175000000000000000e+03,4.987957305015924270e-01
1.176000000000000000e+03,5.011539282673960205e-01
1.177000000000000000e+03,4.862666271754171876e-01
1.178000000000000000e+03,4.909662370546712951e-01
1.179000000000000000e+03,4.797668413777568808e-01
1.180000000000000000e+03,4.865831023420942869e-01
1.181000000000000000e+03,4.812876295453320519e-01
1.182000000000000000e+03,4.804432300997872884e-01
1.183000000000000000e+03,4.774572945943619251e-01
1.184000000000000000e+03,4.776800487121773409e-01
1.185000000000000000e+03,4.823953235964279496e-01
1.186000000000000000e+03,4.738061983656248199e-01
1.187000000000000000e+03,4.729585984612454386e-01
1.188000000000000000e+03,4.577519256631142897e-01
1.189000000000000000e+03,4.600036716637430079e-01
1.190000000000000000e+03,4.484375287829079348e-01
1.191000000000000000e+03,4.511286418292718148e-01
1.192000000000000000e+03,4.369108797565825486e-01
1.193000000000000000e+03,4.371256482352453565e-01
1.194000000000000000e+03,4.290276798814889880e-01
1.195000000000000000e+03,4.288389136064597040e-01
1.196000000000000000e+03,4.199234504761464870e-01
1.197000000000000000e+03,4.392235005741806364e-01
1.198000000000000000e+03,4.368147710769861303e-01
1.199000000000000000e+03,4.408799154687072508e-01
1.200000000000000000e+03,4.346687109777757629e-01
1.201000000000000000e+03,4.381992471987903870e-01
1.202000000000000000e+03,4.138967888587311017e-01
1.203000000000000000e+03,4.227587977413347353e-01
1.204000000000000000e+03,4.042617140127371389e-01
1.205000000000000000e+03,4.034298452350209008e-01
1.206000000000000000e+03,3.915831890359415257e-01
1.207000000000000000e+03,3.962561676160971658e-01
1.208000000000000000e+03,3.864151164351761758e-01
1.209000000000000000e+03,3.893085842110394768e-01
1.210000000000000000e+03,3.828440546064392769e-01
1.211000000000000000e+03,3.782919217324252625e-01
1.212000000000000000e+03,3.736814730784402405e-01
1.213000000000000000e+03,3.773731530833978609e-01
1.214000000000000000e+03,3.678876945430106793e-01
1.215000000000000000e+03,3.698276332378714337e-01
1.216000000000000000e+03,3.672222728433360839e-01
1.217000000000000000e+03,3.659914458640557422e-01
1.218000000000000000e+03,3.641610309326290817e-01
1.219000000000000000e+03,3.666635164399916214e-01
1.220000000000000000e+03,3.579494814094698052e-01
1.221000000000000000e+03,3.646747977227191018e-01
1.222000000000000000e+03,3.712741499952089685e-01
1.223000000000000000e+03,3.770324345077296080e-01
1.224000000000000000e+03,3.787522506440750281e-01
1.225000000000000000e+03,3.865482476382930410e-01
1.226000000000000000e+03,3.903918603815005328e-01
1.227000000000000000e+03,3.969252802936868996e-01
1.228000000000000000e+03,3.946770122215905729e-01
1.229000000000000000e+03,3.904401506090942053e-01
1.230000000000000000e+03,3.901511869354952200e-01
1.231000000000000000e+03,3.881168984207881145e-01
1.232000000000000000e+03,3.853839952569081406e-01
1.233000000000000000e+03,3.854684869676215375e-01
1.234000000000000000e+03,3.887011253940807487e-01
1.235000000000000000e+03,3.758741945150403385e-01
1.236000000000000000e+03,3.805234931231074591e-01
1.237000000000000000e+03,3.810426036910455894e-01
1.238000000000000000e+03,3.781854743337934033e-01
1.239000000000000000e+03,3.758318866505256373e-01
1.240000000000000000e+03,3.752986278241642326e-01
1.241000000000000000e+03,3.736085455148017709e-01
1.242000000000000000e+03,3.693741047459669358e-01
1.243000000000000000e+03,3.735677845052808310e-01
1.244000000000000000e+03,3.711411348124218912e-01
1.245000000000000000e+03,3.755550141444463641e-01
1.246000000000000000e+03,3.721991879712142071e-01
1.247000000000000000e+03,3.714530975978033722e-01
1.248000000000000000e+03,3.674399838907295157e-01
1.249000000000000000e+03,3.699099642293038337e-01
1.250000000000000000e+03,3.613373631183384171e-01
1.251000000000000000e+03,3.615915768539638697e-01
1.252000000000000000e+03,3.628551465711288282e-01
1.253000000000000000e+03,3.545821694783970468e-01
1.254000000000000000e+03,3.569059393262277724e-01
1.255000000000000000e+03,3.682054254174723651e-01
1.256000000000000000e+03,3.564563123275417689e-01
1.257000000000000000e+03,3.530159373141542600e-01
1.258000000000000000e+03,3.547508335515361377e-01
1.259000000000000000e+03,3.522399029112591728e-01
1.260000000000000000e+03,3.470491267300614968e-01
1.261000000000000000e+03,3.402672243337342972e-01
1.262000000000000000e+03,3.390931845181531790e-01
1.263000000000000000e+03,3.372071571029185422e-01
1.264000000000000000e+03,3.426474219658833253e-01
1.265000000000000000e+03,3.364946149415607990e-01
1.266000000000000000e+03,3.396463158059968013e-01
1.267000000000000000e+03,3.412145463102536636e-01
1.268000000000000000e+03,3.355790275252494848e-01
1.269000000000000000e+03,3.340455206899460294e-01
1.270000000000000000e+03,3.297567451405048478e-01
1.271000000000000000e+03,3.289255047034799762e-01
1.272000000000000000e+03,3.336606745415567898e-01
1.273000000000000000e+03,3.392042893903938205e-01
1.274000000000000000e+03,3.334788463200716313e-01
1.275000000000000000e+03,3.315638465317616301e-01
1.276000000000000000e+03,3.338006985284386330e-01
1.277000000000000000e+03,3.255108496951317765e-01
1.278000000000000000e+03,3.278121427249914288e-01
1.279000000000000000e+03,3.258324456404443903e-01
1.280000000000000000e+03,3.342702814870979200e-01
1.281000000000000000e+03,3.275921698145821681e-01
1.282000000000000000e+03,3.338695549897365278e-01
1.283000000000000000e+03,3.309470318906383435e-01
1.284000000000000000e+03,3.284930438942285646e-01
1.285000000000000000e+03,3.276589825617358676e-01
1.286000000000000000e+03,3.182589642353886306e-01
1.287000000000000000e+03,3.171263741306099559e-01
1.288000000000000000e+03,3.141328718650304164e-01
1.289000000000000000e+03,3.164369312973880355e-01
1.290000000000000000e+03,3.098666157493504270e-01
1.291000000000000000e+03,3.146038030017782039e-01
1.292000000000000000e+03,3.060639196902955605e-01
1.293000000000000000e+03,3.029341340439014596e-01
1.294000000000000000e+03,2.998764924446910562e-01
1.295000000000000000e+03,2.998922899342809645e-01
1.296000000000000000e+03,2.966862709161310896e-01
1.297000000000000000e+03,2.956301482467553754e-01
1.298000000000000000e+03,2.948375691293023682e-01
1.299000000000000000e+03,2.955400356028623499e-01
1.300000000000000000e+03,2.976490624088474202e-01
1.301000000000000000e+03,2.947508934043535089e-01
1.302000000000000000e+03,2.910417444419260979e-01
1.303000000000000000e+03,2.809714403999529764e-01
1.304000000000000000e+03,2.732901586542944017e-01
1.305000000000000000e+03,2.643609100807312040e-01
1.306000000000000000e+03,2.595703608078733238e-01
1.307000000000000000e+03,2.519330906703681761e-01
1.308000000000000000e+03,2.524494316425273666e-01
1.309000000000000000e+03,2.482247303695152008e-01
1.310000000000000000e+03,2.496181625614068700e-01
1.311000000000000000e+03,2.515126513563014643e-01
1.312000000000000000e+03,2.480850690067535891e-01
1.313000000000000000e+03,2.455810826821397119e-01
1.314000000000000000e+03,2.425853274960252104e-01
1.315000000000000000e+03,2.383328650462176179e-01
1.316000000000000000e+03,2.326543952701318196e-01
1.317000000000000000e+03,2.306139070335020691e-01
1.318000000000000000e+03,2.291015094966444565e-01
1.319000000000000000e+03,2.308504204463150966e-01
1.320000000000000000e+03,2.293009805366733878e-01
1.321000000000000000e+03,2.279088039185376280e-01
1.322000000000000000e+03,2.276982673439519045e-01
1.323000000000000000e+03,2.227248768938181744e-01
1.324000000000000000e+03,2.231571645948318694e-01
1.325000000000000000e+03,2.195988222781690979e-01
1.326000000000000000e+03,2.202756196776516906e-01
1.327000000000000000e+03,2.133239759348125320e-01
1.328000000000000000e+03,2.089169243592869096e-01
1.329000000000000000e+03,2.010578541752879311e-01
1.330000000000000000e+03,2.021273622691564520e-01
1.331000000000000000e+03,1.985937660614494893e-01
1.332000000000000000e+03,1.988096666569635074e-01
1.333000000000000000e+03,1.955448623752416848e-01
1.334000000000000000e+03,1.984245802789587065e-01
1.335000000000000000e+03,1.960803601655941031e-01
1.336000000000000000e+03,1.957555152943866450e-01
1.337000000000000000e+03,1.956877230032804671e-01
1.338000000000000000e+03,1.948041635166203323e-01
1.339000000000000000e+03,1.950168909124724848e-01
1.340000000000000000e+03,1.920015494029021219e-01
1.341000000000000000e+03,1.896841887239713587e-01
1.342000000000000000e+03,1.871911199661085712e-01
1.343000000000000000e+03,1.861986167529713077e-01
1.344000000000000000e+03,1.818257237523714098e-01
1.345000000000000000e+03,1.790014130509853807e-01
1.346000000000000000e+03,1.749850859439578410e-01
1.347000000000000000e+03,1.719963927737477860e-01
1.348000000000000000e+03,1.690933475751644488e-01
1.349000000000000000e+03,1.694566722207444809e-01
1.350000000000000000e+03,1.678635087885160249e-01
1.351000000000000000e+03,1.672891239810871122e-01
1.352000000000000000e+03,1.628516832643190915e-01
1.353000000000000000e+03,1.612228846519785652e-01
1.354000000000000000e+03,1.594843972778253460e-01
1.355000000000000000e+03,1.553843101941717597e-01
1.356000000000000000e+03,1.542449969468335513e-01
1.357000000000000000e+03,1.532271438428958743e-01
1.358000000000000000e+03,1.527007879222093967e-01
1.359000000000000000e+03,1.506692000288505917e-01
1.360000000000000000e+03,1.480372194390473795e-01
1.361000000000000000e+03,1.483840782813109216e-01
1.362000000000000000e+03,1.458016629963992394e-01
1.363000000000000000e+03,1.455515966241806014e-01
1.364000000000000000e+03,1.430549360421367044e-01
1.365000000000000000e+03,1.415271615675496308e-01
1.366000000000000000e+03,1.378071032896698855e-01
1.367000000000000000e+03,1.394732167722092520e-01
1.368000000000000000e+03,1.373466608586563220e-01
1.369000000000000000e+03,1.396256684592540598e-01
1.370000000000000000e+03,1.363966250153486048e-01
1.371000000000000000e+03,1.361293401131020153e-01
1.372000000000000000e+03,1.353365805442200975e-01
1.373000000000000000e+03,1.362062320307607100e-01
1.374000000000000000e+03,1.340033163310700437e-01
1.375000000000000000e+03,1.340700459621927132e-01
1.376000000000000000e+03,1.341158804862326304e-01
1.377000000000000000e+03,1.339439801269839136e-01
1.378000000000000000e+03,1.349235675565981507e-01
1.379000000000000000e+03,1.388601613901394860e-01
1.380000000000000000e+03,1.386745403030957280e-01
1.381000000000000000e+03,1.388994387054804935e-01
1.382000000000000000e+03,1.387151822351096742e-01
1.383000000000000000e+03,1.348278576448196375e-01
1.384000000000000000e+03,1.353427601168687988e-01
1.385000000000000000e+03,1.338884608044040858e-01
1.386000000000000000e+03,1.303014366908994415e-01
1.387000000000000000e+03,1.303159963055389725e-01
1.388000000000000000e+03,1.300713222833799476e-01
1.389000000000000000e+03,1.284675680342714232e-01
1.390000000000000000e+03,1.284840475212264688e-01
1.391000000000000000e+03,1.284909186501811684e-01
1.392000000000000000e+03,1.268952126416620085e-01
1.393000000000000000e+03,1.257258829363473163e-01
1.394000000000000000e+03,1.270037170938494442e-01
1.395000000000000000e+03,1.250085489816596396e-01
1.396000000000000000e+03,1.243089267620259564e-01
1.397000000000000000e+03,1.219724153786925641e-01
1.398000000000000000e+03,1.203563919560835943e-01
1.399000000000000000e+03,1.170541685983192970e-01
1.400000000000000000e+03,1.152168679156444359e-01
1.401000000000000000e+03,1.146476730755490725e-01
1.402000000000000000e+03,1.132248445859916491e-01
1.403000000000000000e+03,1.122909774344768574e-01
1.404000000000000000e+03,1.102252711178693806e-01
1.405000000000000000e+03,1.084056157160735168e-01
1.406000000000000000e+03,1.064720857111205871e-01
1.407000000000000000e+03,1.055461350888040883e-01
1.408000000000000000e+03,1.023200942811090253e-01
1.409000000000000000e+03,1.010328962391866536e-01
1.410000000000000000e+03,9.926847628794553680e-02
1.411000000000000000e+03,9.751709197974893495e-02
1.412000000000000000e+03,9.586324087590189502e-02
1.413000000000000000e+03,9.568793259050045741e-02
1.414000000000000000e+03,9.363716611865535722e-02
1.415000000000000000e+03,9.257507929858899143e-02
1.416000000000000000e+03,9.073838709658696433e-02
1.417000000000000000e+03,8.918020182930454232e-02
1.418000000000000000e+03,8.797964344703909645e-02
1.419000000000000000e+03,8.775419339601711610e-02
1.420000000000000000e+03,8.606319242085763710e-02
1.421000000000000000e+03,8.722261236007190777e-02
1.422000000000000000e+03,8.790830735215210412e-02
1.423000000000000000e+03,8.929421056684427871e-02
1.424000000000000000e+03,8.666497254365815306e-02
1.425000000000000000e+03,8.582855144611051257e-02
1.426000000000000000e+03,8.593367402930329746e-02
1.427000000000000000e+03,8.375521182381320817e-02
1.428000000000000000e+03,8.286046016497350397e-02
1.429000000000000000e+03,8.061067565553951819e-02
1.430000000000000000e+03,8.061502954456327419e-02
1.431000000000000000e+03,8.032412150333627376e-02
1.432000000000000000e+03,8.129147295253159877e-02
1.433000000000000000e+03,7.824261144461847062e-02
1.434000000000000000e+03,7.891283938444826340e-02
1.435000000000000000e+03,7.821928898293240007e-02
1.436000000000000000e+03,7.748687949655654050e-02
1.437000000000000000e+03,7.835455708076578818e-02
1.438000000000000000e+03,7.799378867479667132e-02
1.439000000000000000e+03,7.817948520714290694e-02
1.440000000000000000e+03,7.768258661571050827e-02
1.441000000000000000e+03,7.742279281635082444e-02
1.442000000000000000e+03,7.549000283607469608e-02
1.443000000000000000e+03,7.489403250485889008e-02
1.444000000000000000e+03,7.367587120836692482e-02
1.445000000000000000e+03,7.168811778431434523e-02
1.446000000000000000e+03,7.281320764996848660e-02
1.447000000000000000e+03,7.242087125875945608e-02
1.448000000000000000e+03,7.295266764585461861e-02
1.449000000000000000e+03,7.259432462991209645e-02
1.450000000000000000e+03,7.240616270039321178e-02
1.451000000000000000e+03,7.125219014786185467e-02
1.452000000000000000e+03,7.187701322701693651e-02
1.453000000000000000e+03,7.214657829456747051e-02
1.454000000000000000e+03,7.149339456681673421e-02
1.455000000000000000e+03,7.069563307377388361e-02
1.456000000000000000e+03,6.919113654592765061e-02
1.457000000000000000e+03,6.785640714255651573e-02
1.458000000000000000e+03,6.839812652129517723e-02
1.459000000000000000e+03,6.769202724063499987e-02
1.460000000000000000e+03,6.839330705456657389e-02
1.461000000000000000e+03,6.891001272849096859e-02
1.462000000000000000e+03,6.758997188682779045e-02
1.463000000000000000e+03,6.770071506729068156e-02
1.464000000000000000e+03,6.660191511656578245e-02
1.465000000000000000e+03,6.756160060074488383e-02
1.466000000000000000e+03,6.608527544986440849e-02
1.467000000000000000e+03,6.676719780830432660e-02
1.468000000000000000e+03,6.552376780019207592e-02
1.469000000000000000e+03,6.557785334599065818e-02
1.470000000000000000e+03,6.476415982822640582e-02
1.471000000000000000e+03,6.445397261669942590e-02
1.472000000000000000e+03,6.373965246004292817e-02
1.473000000000000000e+03,6.484340278198157115e-02
1.474000000000000000e+03,6.348339659246696187e-02
1.475000000000000000e+03,6.367228876343383748e-02
1.476000000000000000e+03,6.380039393282566085e-02
1.477000000000000000e+03,6.420034566162102774e-02
1.478000000000000000e+03,6.372051639046480420e-02
1.479000000000000000e+03,6.433544250103871709e-02
1.480000000000000000e+03,6.438940104210909288e-02
1.481000000000000000e+03,6.586701634553847329e-02
1.482000000000000000e+03,6.526563880250986494e-02
1.483000000000000000e+03,6.620356946575568780e-02
1.484000000000000000e+03,6.448169279426553546e-02
1.485000000000000000e+03,6.459723043885381988e-02
1.486000000000000000e+03,6.284640949360201234e-02
1.487000000000000000e+03,6.376968325553550310e-02
1.488000000000000000e+03,6.226441692888736584e-02
1.489000000000000000e+03,6.410662445131663778e-02
1.490000000000000000e+03,6.208023145462881337e-02
1.491000000000000000e+03,6.315415195529996972e-02
1.492000000000000000e+03,6.230272028633417059e-02
1.493000000000000000e+03,6.309567017105664755e-02
1.494000000000000000e+03,6.229961743805400437e-02
1.495000000000000000e+03,6.293409763086428577e-02
1.496000000000000000e+03,6.332272687433533609e-02
1.497000000000000000e+03,6.450868135781659407e-02
1.498000000000000000e+03,6.382759597640243199e-02
1.499000000000000000e+03,6.339688858173474217e-02
1.500000000000000000e+03,6.297546056690671301e-02
1.501000000000000000e+03,6.210265664525048412e-02
1.502000000000000000e+03,6.115637601747334062e-02
1.503000000000000000e+03,6.138557418257751391e-02
1.504000000000000000e+03,6.160908450387728164e-02
1.505000000000000000e+03,6.046777340817222068e-02
1.506000000000000000e+03,6.129073238514152339e-02
1.507000000000000000e+03,6.075811866028882346e-02
1.508000000000000000e+03,6.226626831096913200e-02
1.509000000000000000e+03,6.287838876863591220e-02
1.510000000000000000e+03,6.465912042882214494e-02
1.511000000000000000e+03,6.401956552905314901e-02
1.512000000000000000e+03,6.580471760526311609e-02
1.513000000000000000e+03,6.416230743794335001e-02
1.514000000000000000e+03,6.420251641686820776e-02
1.515000000000000000e+03,6.264835620938845329e-02
1.516000000000000000e+03,6.270390354750994544e-02
1.517000000000000000e+03,6.217822030529344957e-02
1.518000000000000000e+03,6.121891024854120289e-02
1.519000000000000000e+03,6.182309451708405817e-02
1.520000000000000000e+03,6.006447142473956419e-02
1.521000000000000000e+03,6.051901682201243915e-02
1.522000000000000000e+03,5.838343402435765273e-02
1.523000000000000000e+03,5.900863876444500250e-02
1.524000000000000000e+03,5.863980143241147996e-02
1.525000000000000000e+03,5.898578775406670277e-02
1.526000000000000000e+03,5.870655638686644862e-02
1.527000000000000000e+03,5.872488280824286061e-02
1.528000000000000000e+03,5.984763258843920491e-02
1.529000000000000000e+03,6.031386616276934731e-02
1.530000000000000000e+03,6.064584022657231593e-02
1.531000000000000000e+03,6.030674363351350153e-02
1.532000000000000000e+03,6.109489437930348127e-02
1.533000000000000000e+03,6.083374649509412646e-02
1.534000000000000000e+03,6.015574989401214351e-02
1.535000000000000000e+03,6.042716363395105039e-02
1.536000000000000000e+03,6.106304525231374958e-02
1.537000000000000000e+03,6.065837684591811330e-02
1.538000000000000000e+03,6.012808400871865605e-02
1.539000000000000000e+03,5.990105886599317309e-02
1.540000000000000000e+03,6.042831941602972573e-02
1.541000000000000000e+03,6.071611157926300184e-02
1.542000000000000000e+03,5.996299973845927583e-02
1.543000000000000000e+03,6.062269387212070731e-02
1.544000000000000000e+03,6.053273316804623494e-02
1.545000000000000000e+03,6.160906271713357391e-02
1.546000000000000000e+03,6.168766241773979836e-02
1.547000000000000000e+03,6.290200445633876980e-02
1.548000000000000000e+03,6.155274296253952088e-02
1.549000000000000000e+03,6.073964311267888994e-02
1.550000000000000000e+03,5.977045408270714733e-02
1.551000000000000000e+03,5.803168406483848879e-02
1.552000000000000000e+03,5.721497552094307465e-02
1.553000000000000000e+03,5.631117520486378369e-02
1.554000000000000000e+03,5.724881530745286329e-02
1.555000000000000000e+03,5.770447092299330061e-02
1.556000000000000000e+03,5.845004331949484044e-02
1.557000000000000000e+03,5.810419277022196155e-02
1.558000000000000000e+03,5.943102848770748237e-02
1.559000000000000000e+03,5.816162475196419435e-02
1.560000000000000000e+03,5.921209611053398353e-02
1.561000000000000000e+03,5.867296833933478839e-02
1.562000000000000000e+03,5.967414877674605961e-02
1.563000000000000000e+03,5.874638074341370642e-02
1.564000000000000000e+03,5.922152524030670218e-02
1.565000000000000000e+03,5.783001530796473555e-02
1.566000000000000000e+03,5.785184403417772958e-02
1.567000000000000000e+03,5.637451494155647225e-02
1.568000000000000000e+03,5.612078958190649253e-02
1.569000000000000000e+03,5.586291185110453528e-02
1.570000000000000000e+03,5.508461163947665079e-02
1.571000000000000000e+03,5.374718208337906505e-02
1.572000000000000000e+03,5.287385079136299598e-02
1.573000000000000000e+03,5.287271679258892521e-02
1.574000000000000000e+03,5.237370581928129515e-02
1.575000000000000000e+03,5.121323146913727559e-02
1.576000000000000000e+03,5.160701821845691678e-02
1.577000000000000000e+03,4.978981180272805396e-02
1.578000000000000000e+03,5.022916312816139844e-02
1.579000000000000000e+03,5.030257496776442683e-02
1.580000000000000000e+03,5.058147859885830239e-02
1.581000000000000000e+03,5.013095209141221059e-02
1.582000000000000000e+03,4.991094732898188058e-02
1.583000000000000000e+03,4.915255901193422983e-02
1.584000000000000000e+03,4.856477733113708645e-02
1.585000000000000000e+03,4.895771642031107596e-02
1.586000000000000000e+03,4.862334758109009697e-02
1.587000000000000000e+03,4.797164544816878012e-02
1.588000000000000000e+03,4.817265027664287963e-02
1.589000000000000000e+03,4.867446987627434274e-02
1.590000000000000000e+03,4.920562705582479796e-02
1.591000000000000000e+03,5.007975074794990961e-02
1.592000000000000000e+03,5.009287687144754753e-02
1.593000000000000000e+03,4.962092474840497369e-02
1.594000000000000000e+03,4.988195730895735730e-02
1.595000000000000000e+03,4.983264391446334124e-02
1.596000000000000000e+03,5.029252861105772826e-02
1.597000000000000000e+03,5.146864743417199628e-02
1.598000000000000000e+03,5.228651735647759508e-02
1.599000000000000000e+03,5.202796280697181974e-02
1.600000000000000000e+03,5.251397579884312800e-02
1.601000000000000000e+03,5.251829895220872652e-02
1.602000000000000000e+03,5.220411738898291659e-02
1.603000000000000000e+03,5.192104920669094598e-02
1.604000000000000000e+03,5.099005901212030206e-02
1.605000000000000000e+03,5.053603791132967732e-02
1.606000000000000000e+03,5.074934790800804396e-02
1.607000000000000000e+03,5.016205260955788892e-02
1.608000000000000000e+03,5.049556145960651388e-02
1.609000000000000000e+03,4.959557183513791517e-02
1.610000000000000000e+03,4.997670850976306672e-02
1.611000000000000000e+03,4.864969609350535545e-02
1.612000000000000000e+03,4.994208382468340313e-02
1.613000000000000000e+03,4.851945511135632300e-02
1.614000000000000000e+03,4.917886437900954866e-02
1.615000000000000000e+03,4.888443325941591033e-02
1.616000000000000000e+03,5.034935799360461955e-02
1.617000000000000000e+03,5.001556381608668334e-02
1.618000000000000000e+03,4.964324694773203372e-02
1.619000000000000000e+03,4.874134136140625961e-02
1.620000000000000000e+03,4.786556915820468217e-02
1.621000000000000000e+03,4.763682959421786794e-02
1.622000000000000000e+03,4.773764684284417803e-02
1.623000000000000000e+03,4.778942689478535982e-02
1.624000000000000000e+03,4.777053312458406920e-02
1.625000000000000000e+03,4.761570503838484514e-02
1.626000000000000000e+03,4.775405379197657924e-02
1.627000000000000000e+03,4.838206089335427701e-02
1.628000000000000000e+03,4.902477483095588062e-02
1.629000000000000000e+03,4.885010822600801411e-02
1.630000000000000000e+03,4.902663156800762118e-02
1.631000000000000000e+03,4.800349111664942159e-02
1.632000000000000000e+03,4.710847426108935587e-02
1.633000000000000000e+03,4.551539823092781017e-02
1.634000000000000000e+03,4.572221304277199194e-02
1.635000000000000000e+03,4.464000314180896489e-02
1.636000000000000000e+03,4.512243524940944689e-02
1.637000000000000000e+03,4.510953195760947915e-02
1.638000000000000000e+03,4.554470572887697744e-02
1.639000000000000000e+03,4.528561275491160831e-02
1.640000000000000000e+03,4.548504207088575890e-02
1.641000000000000000e+03,4.483307305397900289e-02
1.642000000000000000e+03,4.454492876397828094e-02
1.643000000000000000e+03,4.427074007306471687e-02
1.644000000000000000e+03,4.390602700866812202e-02
1.645000000000000000e+03,4.358748899039027735e-02
1.646000000000000000e+03,4.363955723246694396e-02
1.647000000000000000e+03,4.375149733765677090e-02
1.648000000000000000e+03,4.318647273842520645e-02
1.649000000000000000e+03,4.367870102111238995e-02
1.650000000000000000e+03,4.249395552423407968e-02
1.651000000000000000e+03,4.276285624250105583e-02
1.652000000000000000e+03,4.243771946581765403e-02
1.653000000000000000e+03,4.311174936174148875e-02
1.654000000000000000e+03,4.319320715706700953e-02
1.655000000000000000e+03,4.470909123002212576e-02
1.656000000000000000e+03,4.426204049770788435e-02
1.657000000000000000e+03,4.297676774970991820e-02
1.658000000000000000e+03,4.278141235929094205e-02
1.659000000000000000e+03,4.194597534163435615e-02
1.660000000000000000e+03,4.203907316394932953e-02
1.661000000000000000e+03,4.267543037751077989e-02
1.662000000000000000e+03,4.315391784900893257e-02
1.663000000000000000e+03,4.335702890232412399e-02
1.664000000000000000e+03,4.280114434903168480e-02
1.665000000000000000e+03,4.240133492060988579e-02
1.666000000000000000e+03,4.207421078997101299e-02
1.667000000000000000e+03,4.209493106483571528e-02
1.668000000000000000e+03,4.302580475613220629e-02
1.669000000000000000e+03,4.345226517055682941e-02
1.670000000000000000e+03,4.465802101842284572e-02
1.671000000000000000e+03,4.522062484957790895e-02
1.672000000000000000e+03,4.565048578042702615e-02
1.673000000000000000e+03,4.513611556736243924e-02
1.674000000000000000e+03,4.498307531545173155e-02
1.675000000000000000e+03,4.360172247008528568e-02
1.676000000000000000e+03,4.254615731137634943e-02
1.677000000000000000e+03,4.162177917674306227e-02
1.678000000000000000e+03,4.091768345581045518e-02
1.679000000000000000e+03,3.998687428745900663e-02
1.680000000000000000e+03,3.958119819828941066e-02
1.681000000000000000e+03,4.009036607087393400e-02
1.682000000000000000e+03,4.014244178869055130e-02
1.683000000000000000e+03,4.020424974384047279e-02
1.684000000000000000e+03,3.960147715297757803e-02
1.685000000000000000e+03,3.957991198437377234e-02
1.686000000000000000e+03,3.893343605351601289e-02
1.687000000000000000e+03,3.926004522698354343e-02
1.688000000000000000e+03,3.877660172519568904e-02
1.689000000000000000e+03,3.864446040243379316e-02
1.690000000000000000e+03,3.792456709634353662e-02
1.691000000000000000e+03,3.762988292435577586e-02
1.692000000000000000e+03,3.657080458984753729e-02
1.693000000000000000e+03,3.644238234848833774e-02
1.694000000000000000e+03,3.586967191494536827e-02
1.695000000000000000e+03,3.619003454504033518e-02
1.696000000000000000e+03,3.564966229895976529e-02
1.697000000000000000e+03,3.526867063465193713e-02
1.698000000000000000e+03,3.468206303805181079e-02
1.699000000000000000e+03,3.424754933786709060e-02
1.700000000000000000e+03,3.387527709109171975e-02
1.701000000000000000e+03,3.376671997087325738e-02
1.702000000000000000e+03,3.287255678299875333e-02
1.703000000000000000e+03,3.282348842868251099e-02
1.704000000000000000e+03,3.193422314922166050e-02
1.705000000000000000e+03,3.186850086627697476e-02
1.706000000000000000e+03,3.133687973692338147e-02
1.707000000000000000e+03,3.129174080791729401e-02
1.708000000000000000e+03,3.086990443063467038e-02
1.709000000000000000e+03,3.158222343143166078e-02
1.710000000000000000e+03,3.140359072429418225e-02
1.711000000000000000e+03,3.147580667826820749e-02
1.712000000000000000e+03,3.133331071742864044e-02
1.713000000000000000e+03,3.106885488809382409e-02
1.714000000000000000e+03,3.001301074799594265e-02
1.715000000000000000e+03,3.023637379584046686e-02
1.716000000000000000e+03,2.970821312500869504e-02
1.717000000000000000e+03,2.977331636949570245e-02
1.718000000000000000e+03,2.961668330926343906e-02
1.719000000000000000e+03,3.002016208551439719e-02
1.720000000000000000e+03,2.926440611000908493e-02
1.721000000000000000e+03,2.850571408188966316e-02
1.722000000000000000e+03,2.841534956059728334e-02
1.723000000000000000e+03,2.808784073168742526e-02
1.724000000000000000e+03,2.855262631220316372e-02
1.725000000000000000e+03,2.843867362851484198e-02
1.726000000000000000e+03,2.917724595375467689e-02
1.727000000000000000e+03,2.889129883928878012e-02
1.728000000000000000e+03,2.909818145229771044e-02
1.729000000000000000e+03,2.824203534271731847e-02
1.730000000000000000e+03,2.865190886126040351e-02
1.731000000000000000e+03,2.771900384820759691e-02
1.732000000000000000e+03,2.752234801248886267e-02
1.733000000000000000e+03,2.675961462772279836e-02
1.734000000000000000e+03,2.659360706380610451e-02
1.735000000000000000e+03,2.560022143941727973e-02
1.736000000000000000e+03,2.545045463075605585e-02
1.737000000000000000e+03,2.542125707861059639e-02
1.738000000000000000e+03,2.532681458772418487e-02
1.739000000000000000e+03,2.518830814565853685e-02
1.740000000000000000e+03,2.518302198209704940e-02
1.741000000000000000e+03,2.474991740158459172e-02
1.742000000000000000e+03,2.492308039989834384e-02
1.743000000000000000e+03,2.396064748134454914e-02
1.744000000000000000e+03,2.460517676283913505e-02
1.745000000000000000e+03,2.414242905875037259e-02
1.746000000000000000e+03,2.440376703189361951e-02
1.747000000000000000e+03,2.388224975710009565e-02
1.748000000000000000e+03,2.387174902689369327e-02
1.749000000000000000e+03,2.346211302626387968e-02
1.750000000000000000e+03,2.328604965632196863e-02
1.751000000000000000e+03,2.338910064074028322e-02
1.752000000000000000e+03,2.305987994537468666e-02
1.753000000000000000e+03,2.314768660408355466e-02
1.754000000000000000e+03,2.232955151944272798e-02
1.755000000000000000e+03,2.197080163419506960e-02
1.756000000000000000e+03,2.145796968236216365e-02
1.757000000000000000e+03,2.162367308441373592e-02
1.758000000000000000e+03,2.164824655829553426e-02
1.759000000000000000e+03,2.189632651920456544e-02
1.760000000000000000e+03,2.187372532877378956e-02
1.761000000000000000e+03,2.201541235627557311e-02
1.762000000000000000e+03,2.173731222888395861e-02
1.763000000000000000e+03,2.148359763850556797e-02
1.764000000000000000e+03,2.125037591158143377e-02
1.765000000000000000e+03,2.103818284985340195e-02
1.766000000000000000e+03,2.067486140110185583e-02
1.767000000000000000e+03,2.025053094848556015e-02
1.768000000000000000e+03,1.996351938145338525e-02
1.769000000000000000e+03,1.952067146238809989e-02
1.770000000000000000e+03,1.906126069040196824e-02
1.771000000000000000e+03,1.877176051040872415e-02
1.772000000000000000e+03,1.864391344413512605e-02
1.773000000000000000e+03,1.839807556710363820e-02
1.774000000000000000e+03,1.823002891196173758e-02
1.775000000000000000e+03,1.804951789841942322e-02
1.776000000000000000e+03,1.777882625127139710e-02
1.777000000000000000e+03,1.753177514411598248e-02
1.778000000000000000e+03,1.715548273545042940e-02
1.779000000000000000e+03,1.691975213625010813e-02
1.780000000000000000e+03,1.691842116618116204e-02
1.781000000000000000e+03,1.661596072384302625e-02
1.782000000000000000e+03,1.662954168487831494e-02
1.783000000000000000e+03,1.629291106184873120e-02
1.784000000000000000e+03,1.613773820287062871e-02
